"","y","v","r","alp"
"1",1.78386011055822,2.70869148703336,0.694505649698505,0
"2",2.40361039787237,2.96796133596505,0.640097409008235,-0.137318829573058
"3",2.10103758384873,2.7617309577285,0.832191229479453,0.477499768226712
"4",2.13487496679727,3.41446336299706,0.720747076141185,0.0727312073734577
"5",2.55405636064202,2.2525614164086,0.621270241488713,-0.181734925887414
"6",2.55215082938328,3.23641774004289,0.66852779249382,-0.0674778713104524
"7",0.617973276427449,5.07494857155191,0.817118304020131,0.408162329435822
"8",0.303468456359301,2.75332624598728,0.804134018534014,0.353538840011664
"9",0.404528977524226,3.64236415926394,0.670203224637937,-0.0632412753105447
"10",0.282842633919578,3.14558906829224,0.766007541360414,0.21314862184777
"11",0.334974471614156,2.58973419135931,0.70977221401678,0.0416782558722399
"12",0.866244142522701,2.31627860568695,0.73659908624182,0.119435571370176
"13",0.778226438654897,2.49616646262116,0.811781687906428,0.38519851995216
"14",0.131891110068418,3.51694168449236,0.774844621389145,0.243494531476594
"15",0.275520579715202,3.64210922603236,0.746345723809016,0.149382548985701
"16",0.153963214283011,3.31201986367257,0.677021333789683,-0.0458454308605797
"17",0.907600565983739,2.49933312285957,0.7929747588676,0.309692413615501
"18",0.776301743169319,4.89942658135224,0.819662074526299,0.419380823286834
"19",1.40963464123809,2.43771709557351,0.805684533814877,0.359845313916131
"20",1.20346663646172,4.29181637479562,0.780726923798473,0.264356096447431
"21",1.21879558071092,3.52696080532477,0.785564317279446,0.281941413890653
"22",0.926852311896231,2.86712362548723,0.764379261571969,0.207679265166593
"23",1.34734725256977,4.09207742454135,0.834751965689706,0.490024003895055
"24",1.47024125845554,4.96810065397111,0.799105765299485,0.333457075072368
"25",-2.88975766408592,1.94375658395106,0.741051864384184,0.132992274523504
"26",-2.97933407059424,2.03188853691243,0.764918706414256,0.209487204353701
"27",-2.32055657546729,3.22573489096231,0.843528129583418,0.534856213679378
"28",-2.0770879778858,3.59824379683932,0.881729344061876,0.779202551693622
"29",-1.15350824299125,2.99373504801957,0.830999056133387,0.471748617151143
"30",-0.593231687578107,4.83957515360331,0.842166247125467,0.52769336099239
"31",-0.538528724545838,2.90094579649897,0.808019192385205,0.369446960183316
"32",-0.622400422024405,3.24080236636802,0.833820916270571,0.485442912360961
"33",-0.461772942948016,5.94146641941846,0.773603570217706,0.239162827579693
"34",1.16136056403766,3.45190893702168,0.736579001357841,0.119374880834495
"35",1.97787786961514,3.33484273667439,0.768025664859599,0.219978744477091
"36",1.5291962338469,5.36139573460472,0.733800875534807,0.111018924763794
"37",1.44647619668247,2.28090279732604,0.622827970589516,-0.17810788320318
"38",2.09187722678595,2.40164203926377,0.750749267824136,0.163253869640436
"39",2.23411966430299,2.99711785205175,0.748689151571861,0.156736828204005
"40",2.27195364435441,3.41574764915176,0.695086019009959,0.00155472373327256
"41",1.62870409276007,3.13861972148433,0.723677056119432,0.0811911516394076
"42",2.15796253365281,3.16316409045191,0.839324088531383,0.512995348645466
"43",1.98069578923281,3.76098325140876,0.850204333252159,0.571175974820861
"44",2.52410733202476,3.50087500879038,0.877196477057008,0.744483327153471
"45",2.41835595233532,4.11755634708779,0.893090067512216,0.876608774475152
"46",2.20181118727953,4.08444549285795,0.870786538155289,0.698625306454052
"47",2.30475407878416,4.40864577461331,0.830179721211526,0.467824632775387
"48",2.28583916244483,4.72455998642754,0.880420370855897,0.768963823889238
"49",2.60333342342376,4.10628724155647,0.888041887227861,0.831280177953218
"50",2.28526270396445,4.81481117954336,0.908556492653624,1.04376291856694
"51",2.40514750491619,4.20923111259013,0.866479871731089,0.669675609786541
"52",2.5584528244581,4.94036290885081,0.895729895453316,0.901832698534796
"53",2.94801223233681,4.10863769569692,0.878849054004043,0.756904769005894
"54",3.14039050797275,4.97553543738951,0.879586944341544,0.762536860091971
"55",3.08447170933604,3.20989671763413,0.890630046768194,0.854070434723304
"56",-2.92001948799522,6.63751839598859,0.857479307772716,0.613282364307951
"57",2.94613669528745,3.89646981261527,0.846225880656073,0.549284857341635
"58",2.9507086492934,3.09292520073776,0.818818760213419,0.415641444254378
"59",2.53538743397772,4.02316514336238,0.811350053658996,0.383373604034857
"60",2.131797174412,3.18808141766293,0.82638454142313,0.449942302554854
"61",2.04306494917009,3.39810033074436,0.803859783603685,0.352429154179137
"62",-3.03474771630358,3.11302687235096,0.747534003118245,0.153103918768967
"63",2.77942125775458,2.73452800055205,0.721528249712309,0.0749794800113061
"64",-2.72513678877141,2.72472769066279,0.758734244186575,0.188993862009696
"65",2.71146743584513,1.98245649373816,0.786106538569173,0.283937868596394
"66",2.66729149818573,3.95095435585424,0.885813504793427,0.812356801857256
"67",2.79053933421566,4.63444483695206,0.821708681572885,0.428541163562442
"68",1.64498482614082,2.96311823594316,0.753091848169465,0.170724905513935
"69",1.56534304949544,1.78408844457573,0.682726146836651,-0.0310899885951995
"70",-3.04651603059253,3.70202187512417,0.804634603388457,0.355568858150814
"71",3.0537471498091,3.38759917815558,0.868569673205579,0.683550018128521
"72",2.82623298904537,4.46003136595503,0.887649047972156,0.827898753762643
"73",2.62438399827613,5.88827122269553,0.91013606430746,1.06406103087209
"74",2.76219888350499,6.33508727297643,0.905533127258679,1.00688969099117
"75",3.0278530243577,5.02230461184878,0.903282658268001,0.98096004336609
"76",2.94333262657816,5.33820485285907,0.875975582611396,0.735471606663989
"77",3.13067170826573,4.7629620503847,0.907846272714344,1.03487597573659
"78",3.06786003023865,3.1800110361379,0.923843432769288,1.28222115815915
"79",-2.77888149657421,6.44811042349293,0.924667912885831,1.29868140120447
"80",-2.55872804616219,7.11472873708977,0.897169754487502,0.916080616345634
"81",-2.71798753298764,3.90525645803366,0.854047742248037,0.593068171907869
"82",-2.76333942856756,4.83549673999182,0.898884221367897,0.933530505558786
"83",-2.76203747390163,4.40570050530466,0.891064825467829,0.857989538785619
"84",-3.11523348111017,3.54188219089736,0.874350999582455,0.723688834746186
"85",3.03743883018213,3.99192522947479,0.860538144948886,0.631872804801464
"86",3.08247050616076,4.79636113614005,0.849780735614157,0.568808964297698
"87",-2.39327512009799,1.87539134676746,0.845404161977597,0.544855524914482
"88",-2.06511593616221,4.6145303285648,0.812001219010126,0.386128494846536
"89",-3.00895546261554,2.73262278253398,0.776490252724072,0.249275155800978
"90",3.07887740965958,4.03793183564403,0.703224278844279,0.0235979796917552
"91",3.02559197328441,2.0857833693691,0.594974584363728,-0.241835345488061
"92",-2.46563710624231,4.32867275243021,0.6734711770378,-0.0549349292796636
"93",3.06720908728426,3.44062039566729,0.672765115627866,-0.0567344235620465
"94",0.81199230392729,2.98377761811494,0.766901881172064,0.216168345055404
"95",0.82778410814218,1.61543225798578,0.732894039408844,0.108307800998518
"96",-0.921155449959065,3.88647664890021,0.80402448176357,0.353095397167136
"97",-0.951219033839434,2.50139350447022,0.735366546476613,0.115718685868434
"98",-0.947983636900737,3.85644296483976,0.684477098137183,-0.026522954980762
"99",-0.0572914619850686,3.32377300952045,0.631726134319843,-0.157228128260377
"100",0.303924026604202,2.91260967064126,0.553974332217537,-0.332180336424876
"101",-2.32352889438488,1.96898642142537,0.471153167897083,-0.508098770962607
"102",-2.41602749584862,2.82080106002815,0.47812426390459,-0.493422507452853
"103",2.31961724162027,1.30638733464434,0.561011121750925,-0.316905011198117
"104",-2.4226925374515,1.64797569297519,0.434954575801452,-0.584506748455089
"105",-0.0575252143503642,2.7071952412289,0.66635459736597,-0.0729514592151552
"106",-1.84215223036033,3.02754620086749,0.607414424378147,-0.213655091126315
"107",-2.4797633738352,2.33511844296677,0.666798091114904,-0.0718364070464365
"108",-2.8906193052796,3.46549021765235,0.6879146004084,-0.0175028501871154
"109",-2.63455669464977,3.25848098177279,0.766797707763411,0.215816028721444
"110",-2.48452868464952,3.11747640772997,0.718004604074911,0.064879227534675
"111",-2.46208645045753,3.97686336737891,0.671686342052573,-0.0594786325063473
"112",-2.32272612979222,3.72626412197857,0.682018845300165,-0.0329296849437929
"113",1.38336508273125,3.33783926088143,0.705029539052625,0.0285510327929
"114",1.61349153827326,4.08695704436184,0.825464647542309,0.445678402926817
"115",1.78109983420869,6.82381761543805,0.880827648880535,0.77213037153794
"116",1.44950280156414,4.31428277756499,0.911608463762844,1.08368677851666
"117",-0.16553568480286,4.61719033645095,0.911823042760965,1.08660690960958
"118",-0.181822894521948,5.37760274281186,0.896853427860329,0.912919418735121
"119",-0.0428289426716595,2.81551982770065,0.87303159108135,0.714288339052973
"120",-0.205406301368362,4.93571679190493,0.897290998058332,0.917296983103493
"121",-0.255249655349836,4.05705673883366,0.892940544115426,0.875213094414537
"122",-0.374202315622744,4.64617537567065,0.875072285067484,0.728891323284689
"123",-0.0885368379032485,6.11172074532575,0.886130045004155,0.815007327269647
"124",-0.317471023988162,3.18665680902454,0.856297010723184,0.606243599867043
"125",-0.252701350071264,5.44888216452098,0.8326757136621,0.47985124408123
"126",0.110598015582708,4.10469002713272,0.790541822786934,0.300468442995146
"127",0.0444271967653576,3.62339797285672,0.721429037340749,0.0746936491140185
"128",0.470626179377992,4.87378016453919,0.800990583067935,0.340919842847522
"129",0.491651653481954,4.77130918731989,0.891375461054139,0.860806184657496
"130",0.437776867392293,5.43211359958662,0.911997581923438,1.08899377368775
"131",0.406136213934932,7.01213410625249,0.91827877955484,1.18275757717595
"132",0.467725385451138,4.13767375311189,0.922003957476639,1.2472431770434
"133",0.507451399879096,6.96120958649556,0.915301087486347,1.13627236085631
"134",0.845733162078036,3.90175499529717,0.908796531099156,1.04679939075684
"135",-2.1406082948934,4.68785788958161,0.912518246857099,1.09617692505596
"136",-2.14496581144145,4.12869826310513,0.919219053613237,1.19831429002358
"137",-2.21374248527169,4.98929982360996,0.920203397600883,1.21510017819872
"138",-1.71932322338774,4.52081408437457,0.897390549231421,0.918297693098905
"139",-1.62803895072281,3.82087936682533,0.878347771831796,0.753109179474277
"140",-1.55736030783935,4.03460495965475,0.894546904233486,0.890389897860436
"141",-1.31895578259108,5.89793548926688,0.889023848394331,0.839820615399491
"142",2.20198956088093,3.37370509510414,0.901538025399017,0.961661380155279
"143",2.18538181849609,4.60905569992601,0.865593891999422,0.663888041515562
"144",0.00777711974253981,4.41391560451987,0.891935528351468,0.865919939494613
"145",-0.169157644677741,5.07596908915796,0.841839434017683,0.525986227505457
"146",-0.277956832783492,4.64539655342608,0.888317000585034,0.833660152604896
"147",-0.25919570131849,4.12816756861017,0.866392159787159,0.669100174159216
"148",-0.239716437997556,5.20333337777889,0.847738429897286,0.55751909466992
"149",-1.0689780290314,5.69927040041293,0.874916714649214,0.72776536490323
"150",-1.01970504486526,3.41402101794477,0.916653215214364,1.15688393404299
"151",-0.961875268525811,3.484849305539,0.859607298967051,0.626156066250098
"152",-0.992970294501312,6.21613305702346,0.828968603707939,0.46206614825164
"153",-1.00632129012101,2.71039754441305,0.793856935667395,0.313065298594365
"154",-1.48836709872668,2.61637402994798,0.806143913652407,0.361724440004018
"155",-1.46885357532725,3.56305078662291,0.837152512540427,0.501984514305245
"156",-1.47706982796715,3.93397282704286,0.791925174986308,0.305699207181323
"157",-1.52375582144903,2.45410819111493,0.760600701634985,0.195125520869227
"158",-1.43073308569585,2.92261327199344,0.764202038359614,0.207086173360265
"159",-2.09205238050466,3.84214447882152,0.816335233290875,0.404745085659352
"160",-3.07234337090778,4.24159198350233,0.788563126142261,0.293049134705962
"161",2.97826121913995,3.46460038454285,0.787356584372371,0.288560534389454
"162",2.42423853464849,3.86247396658111,0.819314481036809,0.41783708669302
"163",1.72938814219772,3.45790285450299,0.766041163158374,0.21326194316857
"164",1.89379784967625,1.36192459291508,0.72405892431762,0.0822992690225177
"165",-2.12580138564619,2.68922240948791,0.809336481830306,0.374922055650672
"166",-1.92156612094192,2.90004685840349,0.841942608019649,0.526524678609749
"167",-1.77355336837095,2.72159522786056,0.813260652615329,0.391487562143268
"168",-1.87483054770342,2.41069752852435,0.810377503902066,0.37927893455909
"169",-2.21922020061767,3.10611989286362,0.776535389730129,0.24943430715763
"170",-1.35171649586914,3.22406069476674,0.828253129374074,0.458687380557409
"171",0.704584364081185,2.85350831918655,0.786981110793869,0.287169083901978
"172",0.767039395846804,4.01925195260746,0.802896805933685,0.348545927038936
"173",0.434456066759046,4.94027916000192,0.804373604550256,0.354509718381232
"174",0.45988584006832,3.28642443736333,0.723935483827039,0.0819409246767935
"175",-0.0169629754674445,2.58277756498466,0.721872258557479,0.075971227243411
"176",-3.05902862639809,3.894647262523,0.77075829251347,0.229319804798003
"177",-3.0026937709338,2.13177481558621,0.478006388696665,-0.493670676121664
"178",-2.78307698470456,2.38580084776891,0.29294098311561,-0.903901338182652
"179",-2.0499817180127,2.04205827974057,0.168254344320844,-1.26802632516392
"180",-1.90362173956641,2.2767151042647,0.432647853591894,-0.589399825462848
"181",-1.5047431894966,2.01637062588156,0.181697728907925,-1.22091938083626
"182",-0.164416372533296,1.36751264753723,0.150960675584774,-1.33319539264418
"183",0.764723502900567,1.22525675735185,0.122822128142207,-1.45364127833176
"184",-3.1237319335734,2.04048733391939,0.10328289976389,-1.55194740695589
"185",-0.0828810912787001,1.35435605837361,0.0938022281843275,-1.60565639046801
"186",-0.227937855486602,1.98293008020088,0.340604721828718,-0.790872243399022
"187",-0.474905745799111,2.16652596072521,0.243704745536163,-1.03203796211121
"188",0.731694137883508,2.56263551286812,0.267272092781717,-0.96891459386074
"189",0.403022631258858,3.20939133689452,0.315830794097351,-0.848554598326175
"190",-1.20078079347701,1.87699321910288,0.403003220820454,-0.652749180112598
"191",-0.70738723173473,2.07726993018777,0.470783475695857,-0.508877126447035
"192",1.69241280582083,2.78612430722679,0.398897095066869,-0.661609037752031
"193",-1.70641361063341,1.76657503269905,0.428824469207464,-0.597519611904992
"194",-1.12841537386396,2.34340690648531,0.469355651883234,-0.511883397480827
"195",-0.233114793412561,2.87084393966963,0.401002078338635,-0.657064022819644
"196",-1.75087173787572,2.63923468697031,0.454183467744164,-0.54385236663416
"197",-2.24108339720471,1.81277795862145,0.521476463992408,-0.401840760489473
"198",-1.42617862233845,2.27615223766366,0.516282553610182,-0.41286953838299
"199",-1.10723356355654,3.12334263892315,0.613187134011281,-0.20042865862843
"200",-1.03642410946427,3.07888301029185,0.737152397776152,0.121109112471808
"201",-1.40449702362427,3.34049061031623,0.742773868912748,0.138290515985312
"202",-0.928718862239831,2.13376543132579,0.772258782473885,0.234495522992904
"203",-1.05118654161311,3.45261932527072,0.698086457824455,0.00962850906548771
"204",-1.24686423440873,2.72096876076665,0.724395199329245,0.0832761499607598
"205",-1.45153998959834,2.84103018520459,0.777335997883729,0.2522625824462
"206",-1.87336033697753,3.90925825999433,0.853408270555323,0.589372470484192
"207",-2.60861149141362,2.99020514422698,0.803054937491694,0.349182167210347
"208",-3.11298139333596,2.81832296691903,0.758710815426778,0.188917179536715
"209",-2.9655987005638,3.59758418883203,0.737007389875929,0.120670224126694
"210",-2.88594819468623,3.75272311648555,0.879097637960189,0.758796110948631
"211",-2.83409538081983,3.91568622386298,0.895607465197608,0.900637651778355
"212",3.05184493644856,5.3197575307032,0.886362851427119,0.816964504369029
"213",3.02627162454319,5.10127187486982,0.799992698264048,0.336959314652574
"214",3.01059123616922,2.49582528013178,0.76093050932659,0.196213707871313
"215",-2.85858626500918,2.7507867847588,0.769926376062199,0.2264645528162
"216",1.5071135688267,3.05445329992227,0.704101164837449,0.026000916856826
"217",2.52414382305333,2.52153866619889,0.738984129689508,0.126671549971017
"218",2.09388304839361,3.01779296156042,0.712953891081734,0.0505810374117929
"219",2.26003592370494,3.41724621295824,0.810457637527792,0.379615421963587
"220",2.87925914367184,4.93518875289179,0.901647531245577,0.962853199721114
"221",2.93268906807694,5.94618962295199,0.922424472828182,1.25503840879408
"222",3.05848770804952,4.73172234652406,0.916125214058816,1.14874104590116
"223",2.87169652282975,4.94822376744464,0.920564813371966,1.22139831322024
"224",2.33255497019716,4.65423351091895,0.894207417731496,0.887148416426983
"225",2.74730140646242,4.26011902261731,0.899519713603737,0.940139038826669
"226",2.7999688170029,5.17385762222044,0.927465961566081,1.35871455467533
"227",2.62788210019183,7.91350666677299,0.941680311890929,1.86452053903558
"228",2.66526950109286,9.46584719496474,0.941462621700222,1.85149033825092
"229",2.66528206024457,7.9101490574107,0.939939029886196,1.76857570926564
"230",2.65881183690523,6.12450951381555,0.942606253014152,1.92400700358958
"231",2.58955128536525,6.62210534391783,0.94460864190635,2.08298669377872
"232",2.50287906967957,9.78033218304826,0.943776997978546,2.01081873843037
"233",2.46586734321546,8.71871205966629,0.943136109283334,1.96146808392615
"234",2.5111689422089,6.55931174780005,0.945100985679869,2.13112887960657
"235",2.34656470319878,7.05353577409419,0.942048864640763,1.88737120778526
"236",2.39760870769502,6.9238184888967,0.937104412041327,1.64295473707327
"237",2.37619632686913,8.81820851639949,0.945183064996207,2.13962039691833
"238",2.34794936540123,8.89411974549697,0.947304313192335,2.43098368448797
"239",2.34558381955247,12.4617379745775,0.948134458551194,2.61547249703789
"240",2.42814457419643,6.77680425012818,0.945360273179022,2.15845530329167
"241",2.42711176866165,5.881707139187,0.942054423490931,1.88772384372855
"242",2.41166148852404,5.77266823106161,0.925365551551877,1.31302152176024
"243",2.36650789148976,5.87743718021644,0.922549900276543,1.25738583301534
"244",2.42876121611061,5.15563826734298,0.919721625982242,1.20681865744975
"245",2.39417477375503,4.32076048699199,0.902282922806265,0.969819393129215
"246",2.36233283301039,3.41763630488582,0.842465153357432,0.529258675257782
"247",2.30550886844132,3.03153243391428,0.860121187428249,0.629305529483243
"248",2.56446566499704,5.80485798190953,0.854400281306321,0.595114959965938
"249",2.59104616966747,4.17849066363646,0.905167031391129,1.00258785826019
"250",2.62860956985386,5.90836562186253,0.923590390084244,1.27727035835189
"251",2.54297338104858,4.69298325868219,0.931419810460499,1.45730708263767
"252",2.65240343940975,5.49943568071859,0.906300811633279,1.01602087176056
"253",2.61793683345155,5.05667680335612,0.901485801772469,0.961093895449712
"254",-2.33823181648917,3.73167926767024,0.872406182150164,0.709883681770719
"255",-2.31952390452097,5.2679399463691,0.840472986297323,0.518896796490611
"256",-2.30532733201103,2.97144714827264,0.83374765674385,0.485083792708647
"257",-1.78685795145167,2.9050347545852,0.718287271973764,0.0656856130627682
"258",2.71774355043621,4.31941324564108,0.722026502073213,0.0764162298282947
"259",2.46526447174916,4.25016193067495,0.704497065050168,0.0270876315868944
"260",2.51058322345707,3.41020099462069,0.468886524049969,-0.512871186416011
"261",2.29077843616255,3.00409204339983,0.443525233233698,-0.566359903907381
"262",2.69826951997325,2.69604269833384,0.376616695045585,-0.71016324546444
"263",-2.17373922592394,2.91376905733137,0.331003594261144,-0.812985115996909
"264",-2.32455696006508,1.77302478469878,0.355821055507411,-0.756376287969467
"265",-3.12829107680573,2.28283977920297,0.40464812348857,-0.649206686368749
"266",-1.0379938351925,2.54406316496849,0.501241412048099,-0.444698615856879
"267",-1.45324125214275,2.79764259053653,0.38657279252781,-0.688358978918779
"268",-1.54688125301322,2.00298311101602,0.458884470161644,-0.533940457859334
"269",1.48791117738144,1.89646544528996,0.580269365734415,-0.274641152799343
"270",-0.352937581266918,2.89790038314589,0.744764650599186,0.144455448369829
"271",-0.408968045903528,2.52053021599469,0.715701990692472,0.0583350085326178
"272",0.919274321636805,2.40187301540556,0.674886555938813,-0.0513194624943565
"273",1.46459769940151,3.17055941588741,0.681172558753087,-0.0351270135597036
"274",1.30202965071546,2.56838974750719,0.745756571428696,0.147543337714843
"275",-0.389399436323821,3.10742729558197,0.827480870630111,0.455059407002897
"276",-1.43519434654241,3.76225140157834,0.823663748117431,0.437407677915916
"277",-0.491312805081844,4.66427864876824,0.800017205890818,0.337056326610964
"278",-1.01515268957282,3.12387986794926,0.817228683365569,0.408645368689517
"279",-1.22070713334048,1.60596528208627,0.644977370178782,-0.125585369402005
"280",-1.41123574948496,4.03911015005633,0.785701114897551,0.282444609944872
"281",-1.69831819648977,2.27033469905787,0.70445819918558,0.0269808973692014
"282",0.599759675700729,4.66737386743057,0.782352375951076,0.27022047348206
"283",1.37944530491963,3.54181239728827,0.812552438000561,0.388468987054061
"284",-0.449898419343587,3.81944464472099,0.823680809013108,0.437485560853714
"285",-0.551902840122863,2.82804320300429,0.782135051087343,0.269433822316231
"286",-0.393522654838137,2.19884483124479,0.70169879542517,0.0194308509070832
"287",-0.106462859656865,2.70383481519847,0.657316067899555,-0.0954641582299118
"288",1.69946488873411,2.47116417300453,0.731908112883831,0.105369251359552
"289",1.7957786927735,2.83516699367049,0.524540766236845,-0.395322993383796
"290",-2.45483743243826,3.02807185162188,0.716538274404188,0.0607067584072285
"291",-1.79454486912836,3.22122011148889,0.591618403544457,-0.249368246083431
"292",-1.74652872616042,2.70906167135604,0.624001939512157,-0.175368977684029
"293",-2.23439925866922,2.2520957373323,0.427316244775021,-0.6007261237333
"294",2.61939429484638,1.72724289489792,0.284303652939486,-0.925395381880538
"295",2.07481447591675,2.1752210028121,0.217902307186612,-1.10593356750376
"296",1.97563837756559,1.72812676990159,0.271992774361834,-0.956691222035044
"297",2.07424848022647,2.04480907991893,0.27173735413146,-0.957349303115045
"298",1.08779872905767,1.89705483775922,0.325509918200129,-0.825771257884263
"299",1.39015328155555,1.2927068624559,0.239399289843545,-1.043988928122
"300",-2.3051971264503,1.49688058267152,0.127286878937197,-1.43308206727824
"301",-1.7972031785319,1.14292046536018,0.158479435100644,-1.30416551163403
"302",2.95007961938892,1.85457722948429,0.164743344148341,-1.28081092080771
"303",-2.59844099234294,1.41357381277845,0.272643556598897,-0.955016175024929
"304",-0.160280056513417,2.17190859561136,0.243834269345038,-1.03168059269729
"305",-1.93112743605479,1.55893863890823,0.120272100024953,-1.46567056979794
"306",-0.804920230238463,2.17298771767588,0.30900425323235,-0.864833890140888
"307",-0.553726586946381,1.72475437826615,0.453157934392319,-0.546015747196769
"308",-1.19335937495086,2.701678262053,0.623679759932038,-0.176121099647127
"309",-0.744672297127363,2.92573827979612,0.684289459476448,-0.0270132541376166
"310",-1.10798061437706,2.91498372897987,0.656493882416673,-0.0974925536940543
"311",-2.1918347150337,2.71236528008093,0.581996523777019,-0.270813954780268
"312",-0.458589732685959,2.95809270432801,0.457122950648011,-0.537653678408542
"313",0.564190180191325,2.60413948297547,0.560626401484527,-0.31774227877309
"314",0.732039528453269,2.64720847860769,0.719744627323529,0.0698537279294686
"315",0.0976238398647831,4.7123630062387,0.780807958435531,0.264647408660234
"316",0.167635444769147,3.70297033554154,0.783277289212498,0.273577376134813
"317",0.166377880889421,4.88248368251349,0.796571878691339,0.323542588094877
"318",-0.0272510390237297,4.08113300521547,0.832010946930304,0.476626874268197
"319",0.169312642311157,3.19223320014654,0.837013223732586,0.50128454082302
"320",0.0558482962257076,2.69112128487041,0.715556875592627,0.0579240339523113
"321",-0.0201796602209905,3.38354978155427,0.717413419515253,0.0631948628989897
"322",0.518783091638113,3.84474317074099,0.833285671632528,0.482823607628685
"323",0.68367876002172,4.04801115195878,0.836653706852058,0.499481289904819
"324",0.988608263388064,4.31174870221891,0.869453724288972,0.689516619253069
"325",0.666362435710163,2.1077691822364,0.808079556472395,0.369696935451962
"326",0.395848091861923,3.4675410101429,0.79824497434109,0.330073994161086
"327",0.285445542615459,3.14314808432113,0.746567560960128,0.150076080822202
"328",1.44980553051687,3.98617963350449,0.798025633964686,0.329214428788482
"329",1.44106370700198,3.56233190332865,0.74227604083481,0.136755558886091
"330",1.79539635181889,2.33153716883545,0.638388872480822,-0.141404204304299
"331",2.08857903262578,2.75208169988152,0.674481027101588,-0.0523564734741206
"332",1.82181306086657,3.13898328597328,0.830943255893798,0.471480643856762
"333",1.47220486024744,3.09076652127092,0.738349195152101,0.1247395535831
"334",1.27986521296338,3.29556211759233,0.796430510707271,0.322993359336698
"335",1.39794647584194,2.85143890597802,0.759222186429024,0.190592499560764
"336",1.43776371637841,3.00558238255562,0.774209391954816,0.241274404754356
"337",1.7151258100572,2.85530067299069,0.633985397221972,-0.151881251221512
"338",-2.9838938238634,2.83641953666654,0.626417686213924,-0.169718075080696
"339",-2.42749649124689,3.77668963773287,0.694866221819679,0.000965656269099197
"340",2.1336213074459,3.82886478795574,0.716845406921185,0.0615792416006079
"341",1.96918510798387,2.91874838780145,0.728520495303553,0.0953428515947971
"342",1.72215573122449,2.561683577101,0.678471154165605,-0.0421132078260754
"343",-2.40098823278581,2.49493755227388,0.652423065956314,-0.107489783858277
"344",-2.8009683031155,1.96393164189228,0.545502048588998,-0.350470055644599
"345",-1.01068801281254,2.7590981568655,0.62482298905116,-0.173450645515508
"346",-1.3392159091581,2.9608790056046,0.668229971882911,-0.0682294257641433
"347",-2.11107578392292,2.96597696289568,0.604078471832322,-0.221253921192004
"348",-1.21570405737657,2.87469536287915,0.715045883519763,0.0564782336648099
"349",-1.16365745075221,3.92093762452897,0.653064881707847,-0.105918587119016
"350",-1.26764997866412,1.70498084531318,0.633633712740512,-0.152714815939695
"351",-2.26026270965434,3.7389686138974,0.647441714430947,-0.119622582639285
"352",-2.68405469756027,2.93737055930573,0.777873600392886,0.254167477630396
"353",-2.74745951279675,4.03337539892898,0.738439548275268,0.125014229884832
"354",-2.81054075981246,3.4858763602024,0.72529306003541,0.0858893648679762
"355",-3.02601317958363,3.09705828593765,0.703132982343191,0.0233481182018043
"356",0.709077238587442,3.2739755999995,0.517386946710773,-0.410526323145671
"357",1.10190718708586,1.72999202051049,0.488586483027931,-0.471389073565173
"358",0.72755458442592,3.62701851735086,0.582258525872551,-0.270232811849044
"359",1.32297524802938,1.73254034233095,0.618443065746414,-0.18829720340146
"360",1.72182525071579,2.85499967557019,0.6436976639989,-0.128671745146325
"361",1.26578740014311,1.97862488126222,0.507713074485667,-0.43102117510509
"362",2.00920015406259,2.38914178046396,0.487280763151982,-0.474139998790712
"363",1.92085957393426,3.10368144529614,0.548352590711536,-0.344328059336898
"364",1.8839064110067,2.10985485029881,0.474967951152257,-0.500067471258509
"365",1.62981630987695,2.46290027441788,0.467075747874399,-0.516684183962454
"366",2.07527638352277,2.68086932389229,0.406017597696112,-0.646260197442563
"367",2.45000540817077,2.33909192099761,0.435466178923902,-0.583422077992918
"368",-2.73469786542863,3.19600220289074,0.407245158637249,-0.643621184652734
"369",2.33068623425395,2.35735591958135,0.522896858478297,-0.398820649998908
"370",-1.0113700500907,2.91452063109721,0.654236107446879,-0.103046584432184
"371",-0.908360897174585,3.28100532643514,0.65384401167153,-0.104008747183306
"372",-2.71396488862835,2.29207351694888,0.634401105832557,-0.150895335812694
"373",-2.76116133080104,4.88029413664408,0.87694122698538,0.742587873567832
"374",-2.73059834179844,3.27465987693221,0.890086830877116,0.849211343995962
"375",-2.80286664852064,4.28660744448691,0.836397541980001,0.498199442594013
"376",3.10375172321458,4.48109038983802,0.842560388093219,0.529758198448467
"377",3.09623895130605,3.78981741441709,0.844331967971048,0.539121668853882
"378",-3.10468536923611,3.9443171614055,0.866663965627204,0.6708851388051
"379",1.99434743792448,2.76924416500317,0.798603930926438,0.331482870034883
"380",0.848626939849782,5.39729829460221,0.780100643261446,0.262108349314821
"381",1.04036696773443,2.09087803884388,0.729989162876097,0.0996764419318923
"382",0.969018712136053,3.05613271710756,0.697831025617912,0.00893879687337309
"383",0.372384265402227,2.09870303197118,0.686322859083819,-0.021688623291434
"384",0.020345511243637,3.30781911531153,0.447170369535497,-0.558655871998481
"385",-0.156654184795592,2.55267423685703,0.359228837156062,-0.748734562146635
"386",0.755821187031949,1.71916888577683,0.396378352305295,-0.66705615840123
"387",-1.46737026855871,2.93475183532097,0.413072823840785,-0.631119283308498
"388",-0.391712954954015,1.5591993988156,0.419215754373761,-0.6179849536428
"389",-0.701658500127207,2.33479462108372,0.45085497157967,-0.550875487315205
"390",-2.67439379576207,2.20054909168217,0.388788415962267,-0.683531355879178
"391",-3.09508473673695,2.30170239655066,0.489665338323505,-0.469115787798126
"392",-0.0322772393337187,2.52380959864675,0.461945361140815,-0.527490373151063
"393",-2.13133179237555,2.05300607352621,0.411395096107269,-0.634714114043917
"394",-1.09498533606584,2.6178720110643,0.43115827161812,-0.592561819741352
"395",-0.366903270193919,2.14048221604492,0.287131297390673,-0.918318670975113
"396",-1.46147958021647,1.94491639659991,0.561882203623096,-0.315008333313014
"397",-0.477667107540911,2.33696241601866,0.471619032067233,-0.507117947435127
"398",-0.00884580919488798,3.50338986152936,0.670717257433167,-0.0619385048134348
"399",-0.232007058676677,2.67054682463591,0.592830263560004,-0.246651498216402
"400",-0.46447421532971,1.36562597535607,0.340667080958982,-0.790729542608947
"401",-1.22931375250357,1.89927727319955,0.363359077346957,-0.739510688715751
"402",-0.335050819845795,1.6423727775527,0.25288213570078,-1.00701549268812
"403",0.18815192578579,2.58372808509422,0.174083747707924,-1.24725404998313
"404",2.85735009776928,1.70162727005207,0.226942017084855,-1.07939743155186
"405",-1.91529105233727,1.87160244620872,0.336002463264803,-0.801436212612794
"406",-0.923902798408584,2.92123623195187,0.387778342837442,-0.685731142432421
"407",-1.8939915444187,1.96617910626695,0.379302941229762,-0.70426166038942
"408",-1.05331197286585,1.5669491169481,0.221172586312042,-1.09624681489083
"409",-1.11556202201312,2.21463971960075,0.399234932103266,-0.660879149149445
"410",-0.0418225823069962,1.82926613348207,0.25766839107924,-0.994195796082938
"411",-0.521132719475258,2.93850318622717,0.30665545833075,-0.870477791788641
"412",-0.998920497276856,2.80035660631044,0.415066596252809,-0.626851639958004
"413",-2.74584534215435,1.7559021376323,0.401815591845013,-0.65530924247726
"414",2.24169214375001,2.97609314650449,0.336222824423904,-0.800928923980037
"415",-0.330838854869119,1.22183266613297,0.253396854051627,-1.00562951060472
"416",-0.162925261096805,1.14541008070901,0.0829184969137243,-1.67363740888523
"417",-0.78187218411483,1.28201242190696,0.0497906400553908,-1.94740017138097
"418",-1.28501749779387,1.89507643970566,0.073182638830521,-1.74167024910554
"419",-2.93050136040156,0.993546614432696,0.0476304690822849,-1.97077572622472
"420",0.346640059795585,1.17748670658867,0.0502563384657584,-1.94248661231565
"421",-1.88021615041253,1.75467860934233,0.112673725332244,-1.50285877660956
"422",2.81795490909868,2.09764962230485,0.252627659086237,-1.00770138583644
"423",-2.38962766302391,1.53933938476604,0.172134558739295,-1.25413853266425
"424",-3.11346905268893,2.25093431039658,0.355194254369803,-0.757785019540585
"425",-2.90036996441654,2.08832718792363,0.424984175102805,-0.605688235809857
"426",-0.920963471219522,2.37813729975205,0.410735630684122,-0.636128079290458
"427",-0.895849869617212,2.56464784435731,0.392894365705541,-0.674607042202131
"428",0.830833549175068,1.55124620958841,0.166444342474013,-1.27459056110916
"429",0.923457998166583,2.49984813232795,0.286459378296914,-0.919996667605384
"430",2.20860216125942,2.54976503316027,0.252583485321593,-1.00782049265488
"431",2.23044298251444,2.01785301550476,0.309515688070773,-0.863607924143137
"432",2.96410885308853,1.56868162300826,0.230972234873727,-1.06780123266934
"433",-1.65661929805471,1.82752502457515,0.166743500176739,-1.27350176187062
"434",-2.3311868462836,1.53017440654367,0.17501151022728,-1.2439982164245
"435",-0.847490666508008,1.9689179248549,0.417778961540148,-0.621053198180317
"436",-0.745341637739514,1.14996768485337,0.376860219599072,-0.709627641708419
"437",-0.877584749304494,2.01533222571999,0.55577306013505,-0.328283343640423
"438",-1.61295792573758,2.88645781683412,0.596764741534721,-0.237805660790237
"439",-1.73371021955531,2.55743707847047,0.729106611765649,0.0970698931108239
"440",-1.8320404162484,4.44189942057439,0.799015378720001,0.333101103619953
"441",-1.56905506514436,3.78378941987328,0.886181889699256,0.815442606033208
"442",-0.919355071788944,4.66341225900887,0.904554426044419,0.995463521189578
"443",-0.896654108831289,4.80080650538324,0.895374758163724,0.898373137112473
"444",-1.36922603801186,3.35288767890671,0.908844300850699,1.04740568941743
"445",-1.37604830234655,6.67627146443311,0.925439122379171,1.31455675768703
"446",-1.38765085485086,6.6326723877011,0.926619535965351,1.33982112645146
"447",-2.13442121495954,5.84205683437481,0.932422186433796,1.48557409392663
"448",-2.14346448737385,5.40209495745524,0.932092750378088,1.47611334482139
"449",-2.32574033498025,7.31364110418473,0.932421369631413,1.48555042256429
"450",-2.33207001139097,6.20351885886468,0.927626954563242,1.36238637889321
"451",-2.30381861289254,7.05150532890874,0.931252794184451,1.45274302600759
"452",-2.38681607930444,7.17059326611258,0.929181777779738,1.39923785929204
"453",-2.40757015138342,9.22352615398262,0.94227739894564,1.90207423925327
"454",-1.99646543609047,5.97096749437821,0.926658363537029,1.34067310963466
"455",-2.01219701928262,6.37757204501566,0.919705653155634,1.20654627715663
"456",-2.12287127922979,6.57930889565647,0.923787632083898,1.28112542628458
"457",-2.81387511584463,4.75175566776479,0.918055514077216,1.17912914014518
"458",-2.88649862200231,7.7545094550189,0.913175617355602,1.10538400822284
"459",-2.73695819967205,6.49870778716274,0.901148760286469,0.957445296802832
"460",-2.91162771444416,4.61320961039255,0.872618452793441,0.711375031693858
"461",-1.51305497507583,2.47798698379789,0.866408186489033,0.669205276856298
"462",-1.43019671555959,5.76156333144708,0.893458717721537,0.880064549750007
"463",-1.49899653421677,4.88075299149322,0.82156508504458,0.427894441898399
"464",-1.74531576811585,2.26158449811526,0.65074788443527,-0.111582060531942
"465",1.41844043377184,2.82312367136071,0.555235949678255,-0.329447543753283
"466",1.38725490875812,3.18939946914385,0.643895451512392,-0.128195167385086
"467",0.3418749947515,3.08952981201344,0.66577089458819,-0.0744175064522463
"468",-0.33868504628877,2.43150388250307,0.716649328008285,0.0610221432668243
"469",-0.513078255334497,3.95017696047964,0.774415648629858,0.241994590578651
"470",-0.549534643466538,4.59891612753535,0.770080935087776,0.226994254716018
"471",-0.761090119098404,2.96940114112159,0.67285433957294,-0.0565071730936121
"472",-0.340692171356443,2.19515362005334,0.621191856829044,-0.181917223398319
"473",0.860135657862654,2.64666526707758,0.593714197462025,-0.244667585182992
"474",1.27913420596543,2.34908003385116,0.606378425736455,-0.216018360473912
"475",1.30944417889746,2.43701469189677,0.600571176601999,-0.229209362444763
"476",0.236322476831165,2.45453818494388,0.731694560762115,0.104733990286731
"477",0.514696921524155,3.53318046471336,0.813284920412375,0.391591227288775
"478",0.752333792213671,3.74716082895977,0.804742467901741,0.35600703004946
"479",0.615435951811981,2.83172219701107,0.80608374796912,0.36147804775282
"480",-0.200899325794739,3.01584453073971,0.746235585974869,0.149038427971666
"481",0.536805254904981,2.59374506541554,0.640899798172568,-0.135396189246071
"482",0.494793480717383,1.9619252854666,0.582789885527263,-0.26905374201022
"483",0.528281436905176,2.93235532997089,0.677234826090149,-0.0452965903336932
"484",0.2531194666875,3.17198453856749,0.72794014864663,0.0936359425960457
"485",0.132394933203246,5.04680288686712,0.817009772216842,0.407687702839245
"486",0.188785673601073,2.08847989778572,0.595984566660074,-0.239562868662235
"487",0.16288545363295,3.378191188162,0.474713695333379,-0.500602746739564
"488",1.34257648360809,2.07860275577187,0.523884569525716,-0.396719450115218
"489",0.680288621460269,3.38967059303354,0.582548135199878,-0.269590256188261
"490",0.843336491184217,3.20590796001517,0.660275328388512,-0.0881370757570612
"491",0.710231615540447,1.85857914101616,0.625274931182037,-0.17239371965788
"492",0.627151675658905,2.89455829514291,0.516340930904352,-0.412745702100653
"493",0.785781234348176,1.47958666105915,0.405195374008923,-0.648028945112663
"494",1.04176617280551,1.93395307200948,0.568446422531485,-0.300672107328256
"495",0.52234136630025,2.31980801651931,0.728846932756188,0.0963043337210085
"496",-0.0480643973207888,3.36511451941472,0.642316203834076,-0.131995954011681
"497",2.05707632795454,2.95098857611919,0.746771087647738,0.150712852575139
"498",2.22976891521397,2.73883358585222,0.72242966166928,0.0775803455379188
"499",2.90185423963685,3.47487880803344,0.719836074560686,0.0701158687531745
"500",3.1175582422658,2.44729849532289,0.621407973647534,-0.181414555586167
"501",0.148164938475836,2.3078358655852,0.582706829920981,-0.269238081235954
"502",0.412918621066555,1.71247097460018,0.409631841980309,-0.638495935726483
"503",0.43491056029624,1.99763110355302,0.451125705169967,-0.550304061874641
"504",-0.255032637304449,1.40162686380658,0.228133460543453,-1.07595473122266
"505",1.08807106881314,1.29412747158915,0.207844719522674,-1.13638361700437
"506",0.807660736620126,1.80861597286994,0.135481681352584,-1.39688024012232
"507",1.11098157137897,1.19812829604299,0.121502717042083,-1.45983846618648
"508",1.9601591228725,1.24518466350679,0.172847476255361,-1.2516135319386
"509",1.02343096993928,1.83444047712293,0.23341987692209,-1.0608255939813
"510",-1.15171716020261,1.77106421111958,0.240109281648215,-1.04200844023371
"511",-2.13021461889221,1.46168528953939,0.259957663446339,-0.988117084087526
"512",-1.30353463792994,1.84744238207347,0.203338920329219,-1.15036861420925
"513",-3.11712405110571,1.79256569574048,0.189416159028621,-1.19506992805375
"514",-2.77066384392171,1.50028031638439,0.23564449336837,-1.05452823080791
"515",2.71684647882958,1.70325320826029,0.277876822346348,-0.941631846695613
"516",-2.84878111802545,2.36924917208576,0.399847460267471,-0.659556229848616
"517",-2.48893879163961,1.5031601744792,0.492779384135294,-0.462552222634233
"518",-2.58300100383402,1.82655873806169,0.276609120169823,-0.944860286034025
"519",-2.22488578244046,2.29289906637156,0.279768756778282,-0.936829699336113
"520",-0.790740847015952,1.45858661472352,0.224079696899828,-1.08771922757333
"521",2.27268441143379,1.81877119410075,0.165686750875861,-1.27735476513667
"522",-0.975979374372717,1.91581657109915,0.163870326633798,-1.28402316692672
"523",-2.83957661740962,1.01786717315967,0.171352430954192,-1.25691804681827
"524",0.996816962981923,1.36130886413595,0.222972721072354,-1.09095728123915
"525",0.408326528530326,1.09319541968226,0.197928088100252,-1.16746408679619
"526",-0.456589228785514,1.47377890248324,0.128771208523803,-1.42638224620121
"527",0.83807739285309,1.66764207010952,0.205104835826349,-1.14486112327595
"528",-2.5513393238551,1.20771401917552,0.103882388291464,-1.5486994967383
"529",-0.0844963459433976,1.3113019523328,0.0898420601054581,-1.62953139121605
"530",2.72130847698686,1.64931999464726,0.0840815709960848,-1.6660016501781
"531",-1.78976384657387,1.91123146198762,0.104114582589775,-1.54744593084748
"532",-2.47214295456272,1.5885600485315,0.109475616617083,-1.51916205891635
"533",1.78942666443745,0.982979911318164,0.0974814298116116,-1.58426654786996
"534",-3.09432424755095,1.0174277715483,0.126974486887639,-1.43450051235213
"535",0.49471310653519,1.79747667934495,0.260827709997796,-0.985815611706395
"536",0.0733615512545045,2.0199551066308,0.421238799525801,-0.613668510207879
"537",1.94816866593613,2.34264198298861,0.40833752078862,-0.641274493064244
"538",-0.0276219809206633,2.48479401019795,0.360026013819376,-0.746951077629787
"539",-1.08048195745048,1.69890828573314,0.477584279763603,-0.494559357342546
"540",-1.11060375815581,1.96976747675838,0.446353965933209,-0.560380712567089
"541",1.90092858052838,2.38133672857804,0.441225406378726,-0.571224603208357
"542",-1.15656674826456,2.45356504139847,0.522452928573678,-0.399764749994187
"543",0.991751079556116,2.96605872520082,0.481466194318052,-0.486386118337258
"544",-1.99464395678997,2.77031270907587,0.573930116070851,-0.288633673865704
"545",0.261286544799085,2.35300961583868,0.657216464926635,-0.0957100544196065
"546",1.55804964215289,3.07533832734137,0.724244102513526,0.0828370889007821
"547",1.62968478622703,3.30448721284772,0.774879740853599,0.243617455592637
"548",2.07850230075231,2.77422136420341,0.806767774790927,0.364284298846091
"549",2.17395752987432,3.84329411026291,0.823477173199765,0.436556544541892
"550",1.88306170308979,2.19496343212018,0.747515614122983,0.153046208355986
"551",2.27010567014458,3.41207394175516,0.671941456241179,-0.0588302312705025
"552",1.87231461680194,2.35415733964191,0.704286539726915,0.0265096143069814
"553",1.54944388025979,2.71091523947878,0.802943659294736,0.34873438263035
"554",1.53802861491674,4.99428494182161,0.777753092865333,0.253740079198636
"555",1.03465532008423,3.0468020751551,0.638760939555861,-0.140515516058159
"556",1.19941895572243,2.72289397844884,0.515097604832899,-0.415382610166022
"557",1.0199289049785,1.90543116162471,0.525619991454309,-0.393025399237156
"558",1.85704006238401,2.04184357730691,0.446525466112143,-0.560018349523362
"559",2.01712165357912,1.65843213609141,0.364070585505383,-0.73792578209005
"560",-0.841392581732586,1.75737733346896,0.409595783030885,-0.638573315569901
"561",-0.710813353692176,3.10978905137548,0.558670606406173,-0.321994799901535
"562",-2.19138056674517,1.77390403122679,0.667426740044601,-0.0702541063668886
"563",2.17065671709079,3.19571859747582,0.672796390099206,-0.0566547734027215
"564",1.82645810664852,3.46723348548469,0.666464563695009,-0.0726750703427014
"565",1.48054768455956,2.73554975006856,0.694327105710896,-0.000477843714000489
"566",1.15052014942802,2.26201572652512,0.735136548771368,0.115026773402029
"567",1.17302865088316,4.52026559538306,0.707704871681761,0.0359353186262983
"568",1.27491117693932,2.57085137431522,0.808536681715718,0.371592799669667
"569",1.16052755068788,5.64707274411506,0.807407491663141,0.366918758366659
"570",1.3194866638587,2.8550010136388,0.815974548218945,0.403176721495034
"571",1.57674329359565,5.22304379728936,0.884396757296687,0.800640328118969
"572",1.58307769669468,3.41007580830466,0.850951430488926,0.57537236126872
"573",1.28649462080768,4.240563617935,0.852300954812084,0.583023955850563
"574",1.38328146379676,2.79950225128477,0.72338533138784,0.0803454809952546
"575",2.17432236408828,2.13381844935446,0.483218058665035,-0.482697097295288
"576",-0.35868083087346,2.16776459440911,0.538051702259486,-0.366471597077671
"577",0.156357458195738,4.58493348628166,0.7253423030089,0.0860328942183363
"578",2.97665507406613,3.74765223060823,0.746005163188409,0.148318918783541
"579",-2.89292437263205,4.28110654994263,0.77941280459043,0.259647122761961
"580",3.13107989459404,3.62334392293126,0.808172031849694,0.370080057655721
"581",-2.68583656396501,3.56097452304914,0.830761092685037,0.470606577369263
"582",-2.93372392315995,2.98489371333488,0.823746615119303,0.437786048982191
"583",-0.623256594830297,3.68359951341446,0.746860350394765,0.150992274388218
"584",-0.552750453395072,3.02920699258768,0.830738127433482,0.470496465315295
"585",-0.469186940090756,4.25552509744586,0.879733344192866,0.763660735069364
"586",2.67675983607715,2.82279467086917,0.834191940172942,0.487264677992574
"587",2.20973014717028,3.61156634392731,0.871574527973077,0.704076302653371
"588",2.22575415598314,4.56034915995316,0.871474905321721,0.703384409300604
"589",2.05033090485488,3.38556551820509,0.877737608729486,0.748521940051729
"590",2.74903228139459,4.69028043906846,0.907737400947633,1.0335263094979
"591",3.07550355337635,6.00440604860116,0.906135340774426,1.01403985539933
"592",-0.134033470209175,4.12473621490677,0.900748708526805,0.953145362885747
"593",-0.141154068890691,7.05581848254908,0.883145919126569,0.790489046931582
"594",0.199401515656363,5.11028748923345,0.915856440447997,1.14464282633622
"595",0.038549872179769,5.68802431786524,0.910660683367805,1.07097295988208
"596",0.033581120662753,5.72390709766356,0.902362583671571,0.970698953489104
"597",0.0473285041764568,4.7157757470144,0.915152743817639,1.13405829129212
"598",0.155370719951272,3.47855421538334,0.889758439009046,0.846293756510925
"599",0.0916745411726128,4.27184176427727,0.879517529224935,0.762004728731902
"600",0.260504171821538,5.81670551954666,0.87652503111435,0.739510236574177
"601",0.40893040355843,4.83749736064306,0.830436021688939,0.469049639364713
"602",0.518277154586661,3.21904423463979,0.8338386303101,0.485529776193026
"603",0.747587771437142,4.1731247621434,0.817531555844597,0.409972521351676
"604",0.716260094673658,3.1790932776217,0.893744257912145,0.882755775918736
"605",-1.9728695798112,3.9712038766368,0.914736578722883,1.12789496473862
"606",-2.0318427480518,5.28911324928883,0.875009106401665,0.728433803072025
"607",-2.30242479721166,4.54648778624196,0.879440501975332,0.761414807274918
"608",-2.51623436481551,5.59644959691748,0.902873826188707,0.976377131184014
"609",-2.69180428811039,4.20332474506025,0.87864549319559,0.755360501359672
"610",-2.79740392077039,4.08795369985236,0.879568967090097,0.762399001467688
"611",-2.87011981166769,3.57670761477861,0.882964664350159,0.789032651977633
"612",2.99979986149943,4.39480771999065,0.839003764524181,0.511359453635077
"613",3.09670990120872,4.74124796043328,0.845299080351614,0.544291302244573
"614",-3.12787407054432,2.58477752718788,0.783429307537276,0.274130516278782
"615",-2.69524987272996,5.80956884018058,0.899405129012204,0.938941684873194
"616",-2.77536515353298,4.19626041950944,0.870969437467358,0.699886121033166
"617",-2.59288925626799,2.62017025490651,0.858786368949423,0.621157922243475
"618",-1.24255966232888,4.31563951377675,0.864938644624723,0.659642874652103
"619",-0.349812562960219,3.51134484353947,0.863093433438101,0.647844678544434
"620",-0.555327882446766,4.08848863229846,0.877412974444372,0.74609579074728
"621",-0.472468774438043,5.1099437043292,0.83686925269053,0.500561821581283
"622",-0.940196657090343,3.56881165508315,0.783744221842381,0.275277642351374
"623",-1.10671176554727,2.87650327077968,0.754787624131396,0.176174172101108
"624",-1.33857742733992,2.86537055619224,0.703275418139265,0.0237379646177484
"625",-1.99275591617979,2.58427770222067,0.727939727721078,0.0936347057008707
"626",-1.50357570918636,2.12934482254092,0.650350967955554,-0.112549864371094
"627",-2.0433851058659,2.96511491037207,0.774979055865749,0.243965178384662
"628",-2.49809967388998,3.57662873774566,0.778702866240606,0.257114935237138
"629",-2.86776688348736,4.89672331885687,0.778919207096017,0.257885704417365
"630",-2.71899412156752,2.77629616949199,0.711029227754764,0.0451861421596368
"631",-0.0475822107443538,2.33038918597803,0.56866849896992,-0.30018570839326
"632",-0.278473823643951,2.07586153744023,0.721297927975262,0.0743160529401928
"633",-1.01820704893629,3.30719346999077,0.716491643085645,0.060574358712706
"634",-1.24416006398632,4.13682215838317,0.801740071825496,0.343908725297219
"635",-1.26369014908133,2.89557134823072,0.727210281092621,0.0914936593155034
"636",0.419041440860862,4.05750409078398,0.702638353277253,0.0219954517080151
"637",1.41741952907563,3.64472594396691,0.687663733780382,-0.0181635901368875
"638",1.64482895514531,2.78660951975574,0.685004975772271,-0.0251424735869173
"639",1.79226894895572,3.64815083177943,0.710206682477511,0.042889327213971
"640",2.80814371441162,2.86239111152812,0.682251801060204,-0.0323240915942376
"641",-2.91085114778847,3.35413011979179,0.565663665825187,-0.306759183948194
"642",-1.47612074377113,2.37603790452541,0.632342962281455,-0.155770197122829
"643",0.416984575115576,2.42443999437704,0.712034124504485,0.0479992774088622
"644",0.569688829895014,2.14163185619991,0.678353688922498,-0.0424160381092471
"645",1.05417850020591,3.17930166657889,0.606221972091761,-0.216374985904111
"646",0.822749782785179,2.84892201729237,0.737195637835231,0.121240026209746
"647",0.329714081526365,3.11544807672534,0.709832587698859,0.0418464594188406
"648",0.0746741003731581,2.95664076488726,0.546183277348082,-0.349003263003754
"649",1.48522220228912,3.64684161800275,0.707037159689445,0.0340873565374709
"650",2.34424754043965,2.76119070911103,0.70398567881641,0.0256841314647417
"651",-2.59412153946039,3.27836129827532,0.7322276835031,0.106320705685364
"652",-2.78605390742534,2.44748743525219,0.707944482472802,0.0365992824586705
"653",0.308406085757099,1.6650005880049,0.660514185038571,-0.0875438487309395
"654",-0.648716652006729,2.50394136957325,0.541885705397248,-0.358246082726433
"655",-1.18301440241837,1.4361391695332,0.669453008083943,-0.0651401334722077
"656",-0.757205290399696,2.90126205354804,0.713849111083662,0.0531003252273939
"657",1.30937920192806,2.98478317666122,0.588820388629612,-0.255627089390323
"658",1.68343201902644,3.01659663195914,0.490938150269657,-0.466433398427398
"659",-1.03459058742214,2.28860298664905,0.317586013840414,-0.844397764857859
"660",-2.01655341084667,2.56948212807554,0.37853773721756,-0.705941339621216
"661",-3.13689741069979,1.93662751143099,0.252281951567099,-1.00863388079921
"662",-1.46991781311989,2.31660543394328,0.285793267767576,-0.9216623676355
"663",0.463565128776892,2.66117126307917,0.361131227373306,-0.744480979460888
"664",0.874830194520516,2.77895378264259,0.491006009034255,-0.466290376159174
"665",1.96352341459733,2.12828936176484,0.613885040958465,-0.198822780271547
"666",1.74181551863641,3.02945520219706,0.515175532098706,-0.415217372983915
"667",1.57839933295348,1.9647976023936,0.470712479607862,-0.509026603873592
"668",0.849679856119399,2.56996652891099,0.47543893649358,-0.499075922908381
"669",0.909852842474381,1.61448921689473,0.50360324597901,-0.439709695941414
"670",-0.031782961739359,4.42340268193419,0.443460413661091,-0.566496969224058
"671",-0.954609680033458,1.94330197110037,0.458127291958587,-0.53553644199259
"672",2.96663724366329,1.87000825829926,0.404521756821901,-0.649478699145483
"673",-1.97447106402801,1.7179407869205,0.313127914791581,-0.854978523373014
"674",2.35740596483798,2.70919632022851,0.329419922228338,-0.816660676835414
"675",0.717860137916167,1.86952455951903,0.273965106188775,-0.951621972086165
"676",2.00365054360761,2.21793584775186,0.361148613677977,-0.744442145357359
"677",-0.178092671394611,3.7041568203212,0.431539655269444,-0.591752068360388
"678",-0.512780599781662,1.51498431868817,0.62582672805377,-0.171102311130482
"679",-0.722618274580229,4.06848185940406,0.78682242958744,0.286581798288503
"680",-0.596982795323944,2.28901579466857,0.673593038192007,-0.0546240756828593
"681",-0.561871068825314,2.33505780904037,0.6261892747851,-0.170253241184934
"682",-2.38285022103624,2.86862869927015,0.581660233651372,-0.271559652024507
"683",-2.56315312319298,2.65432380539054,0.447567363554017,-0.557817257327676
"684",0.146234599052308,3.28763745308319,0.59243827407433,-0.247530659178598
"685",-0.869825404016617,2.34140159600586,0.664401000345221,-0.0778514222374876
"686",-1.34097343699476,3.05502493421695,0.690129373819155,-0.0116524186296374
"687",-1.46043007986057,2.70307523437542,0.722295868974164,0.0771938652316824
"688",0.0752870454933543,3.66162770896819,0.628152606439602,-0.165647179664077
"689",-0.792745131096714,2.44388414461626,0.76094847904868,0.196273039193913
"690",-0.657658201875315,4.4932885099949,0.856721116077897,0.608759344554619
"691",-0.771735144906458,5.3428050164108,0.884035156364274,0.797687451784736
"692",-0.744283972837811,4.91776997168944,0.894472283922957,0.889675816299983
"693",-0.757506464270511,3.60306845750445,0.883057851565641,0.789780962662675
"694",-0.660301393483426,5.60029192342731,0.868272690662063,0.681558807718433
"695",-1.11075818232534,4.18245586350101,0.800151655090262,0.337588764921615
"696",-1.05069507721021,3.18448463687769,0.837085498565617,0.501647653121733
"697",-1.15305387965377,3.29645168496701,0.823379631660402,0.43611199401557
"698",-0.995596153456021,4.72548421718875,0.821500494852591,0.427603743259537
"699",-1.1900162487248,4.87571748945696,0.859744827984628,0.626997365176822
"700",-1.10823008872296,5.71747166981513,0.901987864406777,0.966573631032871
"701",-1.16905086690678,4.25740856645645,0.852466283497548,0.583967764859636
"702",-1.13873310686181,2.57095518832615,0.796563061280683,0.323508319628851
"703",-0.836456766353206,4.12425221899777,0.789803898715422,0.297692993692731
"704",-0.241433056793048,3.26287399155255,0.774317990607235,0.241653516869784
"705",0.00328775916550894,4.02315634948903,0.854223345133588,0.594086859364664
"706",-0.389234625435929,4.20432458003739,0.866638044953566,0.670714689480136
"707",-0.398430714272799,3.03125050829335,0.821615626875585,0.428121999637888
"708",-0.204912091068234,3.56042856235197,0.871949253809644,0.706686009856427
"709",-0.235969580028739,4.68524717552193,0.862051391009496,0.641281116040491
"710",-0.184354962872758,5.36141795615607,0.870889721165196,0.699336271706043
"711",-0.299000438294129,3.66729752305179,0.867486273729876,0.67631751518654
"712",0.179079967010864,3.90127558633039,0.829645091391376,0.465276529550186
"713",0.162625548681152,3.67486233193876,0.80109279359363,0.341326725698884
"714",0.274161938436625,4.33723670477903,0.735528136502528,0.116205118491802
"715",0.288674845037438,2.35882608595199,0.518872598397184,-0.407372631954105
"716",0.947557304536568,2.18736078617596,0.466156483553736,-0.51862008096888
"717",-2.77352412379528,2.93403220872369,0.56062825696828,-0.317738241287041
"718",-1.91310533130464,3.16756942253244,0.479895092789216,-0.489694176651406
"719",-2.81869236317661,2.14350481690191,0.328954922988372,-0.817741468947284
"720",-3.01069251545076,2.32383312355417,0.320986676878054,-0.836376410347093
"721",-2.39741611745572,1.3505989222641,0.287284561158472,-0.917936234430659
"722",-2.84547418000392,2.52222476036178,0.438315817404284,-0.577383954501212
"723",-2.91545485882009,3.03821404784953,0.542497683409413,-0.356931401178601
"724",0.0346536926996834,1.60175536167421,0.398937830902484,-0.661521019945406
"725",0.169482447601372,1.84119167374229,0.313800953778258,-0.853376300196685
"726",1.01451133897228,1.47120738764849,0.297201027722684,-0.893430229231917
"727",0.432726452862256,1.36280391855676,0.266969254391596,-0.969703187205676
"728",0.792189093489802,1.57334736612567,0.259624158372135,-0.989000553411677
"729",1.22693292354963,1.63109602454234,0.438347270557201,-0.577317340360967
"730",-1.90795194489684,2.27216739536521,0.351507599251924,-0.766091248622116
"731",-1.94554261826499,1.5268471050912,0.219251469270517,-1.10192503038901
"732",-1.733513647253,2.37776524397637,0.232328624852913,-1.06392945683103
"733",-0.932183846616053,2.31801830793044,0.299854933926546,-0.886948356217654
"734",-0.907314420670353,2.09882090837523,0.335468117214139,-0.802666945266427
"735",-1.37278560150482,1.69427230285426,0.629249470834249,-0.163067930101193
"736",-1.35934259711544,2.68303422363273,0.649624693886269,-0.114318955524448
"737",-1.37035251126542,4.49884911359104,0.839694103840116,0.514890141461536
"738",-2.25131931504606,2.87759292094907,0.872484630245492,0.710434401023668
"739",-2.39262181453091,2.82256237002661,0.878660131061171,0.755471413018871
"740",-2.8042058768763,3.62024034283775,0.870712917479646,0.698118549954889
"741",-2.9666383613327,4.90477072849897,0.861668683315004,0.638888065799809
"742",-2.00777923782429,3.12750735857381,0.880398362537587,0.768793197960408
"743",-2.23827478028311,5.27951186262869,0.891979701281684,0.866325224344984
"744",-2.13695643882465,5.28878552474807,0.875966376919082,0.735404175858868
"745",-2.17584088768374,4.63425139277177,0.874198272663217,0.722593063024328
"746",-3.11876935995943,5.10426565775648,0.859089104931063,0.62299639793091
"747",1.42611408570739,4.22972781171601,0.808827411784014,0.372801193642968
"748",1.16578957192933,3.05662725285499,0.721934470024124,0.0761506865999619
"749",1.10944284634775,4.97377114523964,0.807272784704717,0.366363205588453
"750",1.19599590004128,3.22645957983381,0.798750957484224,0.332060719001307
"751",1.72786799622611,2.81194955369588,0.759040309904364,0.189996263030173
"752",1.33610649872439,3.00991811660971,0.660393173979101,-0.0878444274734645
"753",1.12007207410346,2.83863997543794,0.609168217088742,-0.209647301108886
"754",1.36887255165344,1.98333176819941,0.554626314935535,-0.330768387637776
"755",1.53084354397255,1.93728953332885,0.281810863041295,-0.93166756256794
"756",2.00107402302804,1.93215329103787,0.255411590417337,-1.00022156485419
"757",-2.1490223004105,2.4002648450725,0.168558896233072,-1.2669272813494
"758",2.60302359785543,1.56652655668954,0.120869249788635,-1.46283424100435
"759",0.857977899046195,1.65059051253196,0.105433404803601,-1.54037203558422
"760",-2.98512003301994,2.32899936764047,0.181368894817565,-1.22203904857376
"761",2.55821045550532,1.89286924312854,0.383736867905458,-0.694550894995599
"762",1.44767153534169,1.80279077152251,0.385625795161556,-0.690425029290661
"763",-1.84175393189532,1.9687985701485,0.477348189211495,-0.495056403493241
"764",2.56766396379617,1.70753195015276,0.35539258605249,-0.757339162317834
"765",1.13220003948762,2.02881181196373,0.221264671216166,-1.09597550658094
"766",1.09713286177034,1.82579944744347,0.132578019798275,-1.40949208017698
"767",-0.932042805221112,1.36683617175735,0.127018026325665,-1.43430264064427
"768",-0.711076203498068,1.57265701841019,0.194293713869714,-1.17914089356179
"769",-0.97253230050254,0.771637325093497,0.0511835993073138,-1.93282981638262
"770",2.92998502346548,1.42401534020641,0.082333505969109,-1.67751463630621
"771",1.14017290352084,1.07302621170398,0.108103557685966,-1.52628369069273
"772",-0.0470611924704225,2.36444520616464,0.27396999458386,-0.951609435097329
"773",2.2634271067899,3.02310254681256,0.301830665523027,-0.882142915461169
"774",1.9176202958739,1.4880351107476,0.386659112055012,-0.688170736129824
"775",2.49371676547283,2.57583659906235,0.381837295237016,-0.698706620287417
"776",1.74530399747698,2.22271721539476,0.445357893345982,-0.562485632348605
"777",1.98126856554838,1.95989916960873,0.598309658407551,-0.234321316844759
"778",-1.84803837780486,2.25968915792019,0.427135130653306,-0.601111313137827
"779",-0.543308145205036,2.09885506801635,0.353305783248774,-0.762035429483107
"780",-0.172840571663575,1.91198287589786,0.373808244520536,-0.716348781683569
"781",-0.337072818401579,2.13359504344003,0.591013830873799,-0.250722221004634
"782",-0.220706149639883,2.8693031372959,0.606612817385831,-0.215483948955165
"783",0.0595534054383782,1.84850944163075,0.557567971441898,-0.324389464403199
"784",-0.688202352881806,4.50393916320131,0.671487409833548,-0.0599839994680023
"785",-0.497128861195354,3.23941072168085,0.632038931537019,-0.156488978142776
"786",-0.832112255146876,2.96316411880809,0.643239665656548,-0.129774693804651
"787",-1.4698401263182,2.90211418342412,0.663460273286816,-0.0802041056055292
"788",-1.44340185970971,2.99334699687562,0.719992974808037,0.0705658009909136
"789",-1.41725035722894,2.56738927211402,0.758695129442942,0.188865843141993
"790",-1.69613332541255,3.30308984615749,0.810976192293987,0.381796750386049
"791",-2.00351261676526,4.17396103251382,0.775431296404414,0.245550502505673
"792",-0.423909659184553,2.36672052391565,0.670510395794804,-0.0624629452519469
"793",-0.926713570208511,1.85554125644367,0.655472683887882,-0.100007561416337
"794",0.134245578701488,2.84048056226883,0.631764785763805,-0.157136813161033
"795",-0.0900229476228263,3.37876567351339,0.778037135820246,0.254747853942627
"796",0.0177346574396675,2.72957667389193,0.712574692834892,0.0495158304168928
"797",0.0195858222738274,2.74310876523274,0.63524105841797,-0.148901267315404
"798",-0.359626790276466,2.29994431871807,0.586236300648031,-0.261390763751167
"799",-2.21389862983288,1.96586532190319,0.507851061533597,-0.430729285770158
"800",-2.80817482043873,2.14100646327027,0.733440924845946,0.109941840470451
"801",-2.3279126820158,2.66175784754438,0.752578050699926,0.169080700145164
"802",-2.40356364447347,2.01950889962817,0.789268028068595,0.295683881050541
"803",-2.27078190402672,4.64926467431709,0.723093530357107,0.0795003367391454
"804",1.85949717081244,2.7155848177936,0.715329288649495,0.0572798385160363
"805",1.53575043892442,2.58421404480441,0.68099826501327,-0.0355790354520092
"806",1.40726786214938,3.42751183530939,0.554725074524957,-0.330554453429218
"807",0.581584331744699,3.2963243826225,0.646001679908393,-0.123110035559948
"808",0.29609780547925,3.25525634544604,0.617630155814445,-0.190179256232054
"809",0.364486334958865,3.01709975939829,0.580997238877294,-0.273029061125967
"810",0.813166360054298,3.45458926811547,0.569175327184031,-0.29907528704002
"811",0.657442847167784,2.86151116943291,0.660903886048583,-0.0865753923274069
"812",2.66500027150123,3.23737907767282,0.544750726155388,-0.352087030956743
"813",-2.39688434234515,2.58288974848491,0.47320418289418,-0.503780685604278
"814",-0.435639375842905,2.43896983647566,0.427984184250315,-0.599305821790923
"815",-0.747069550262578,3.52588603169877,0.580136418093489,-0.274935480304375
"816",3.10945041087351,3.0934715358716,0.579697341772666,-0.275907261829378
"817",-3.02809764035265,2.65290185150431,0.667255667904054,-0.0706848932428075
"818",-3.01961890802513,1.46939765782128,0.46765073499354,-0.515473371642638
"819",-3.06201287541261,1.40964463986301,0.40756031231538,-0.642943988524139
"820",-1.68998580570939,2.18402695521566,0.579091033602682,-0.277248484062989
"821",0.55746184397483,1.6643164657015,0.480431341286976,-0.488565098918999
"822",0.475464880403597,1.86576998132881,0.323364969414865,-0.830791330589331
"823",-0.219725217717274,1.80910125249089,0.239760390073977,-1.0429811709645
"824",-1.29085243432811,1.58687292027906,0.215029109938016,-1.11452873952378
"825",-1.07254816795916,2.6769827671426,0.231469163912392,-1.06638097924841
"826",-0.603909030709449,1.66459783241221,0.230088401947066,-1.07033241631055
"827",-1.80539672814613,2.0810175284158,0.279720924520482,-0.936950874116224
"828",-3.02287935304718,2.85646807030067,0.425020534901194,-0.605610831278696
"829",2.34538412392005,2.49804317931774,0.338741098866189,-0.795142253713127
"830",-2.33312700188744,2.28062167150898,0.350066047232635,-0.769348863688186
"831",-1.70998966560188,1.91553967269166,0.46388554805449,-0.5234031179407
"832",-0.249596574162028,2.2904795801733,0.485283667222521,-0.478346790784433
"833",-0.441503348375184,1.70630494888009,0.354829075918022,-0.758606217207851
"834",-0.467507900734884,1.66387794459626,0.271116550703203,-0.95895032874297
"835",-1.69585650181317,2.14111472179762,0.288491274293734,-0.914929166923817
"836",-1.52156073627778,2.21461896133904,0.414299308223476,-0.62849345745128
"837",-1.91218920372711,2.02256154811088,0.28671074632308,-0.919368660048574
"838",-1.09837294816777,1.66776155559212,0.327867080933831,-0.820272740480421
"839",2.72410108665883,2.06501511012962,0.611120848535512,-0.205174415372173
"840",2.10269127229721,2.51819037921979,0.605816573291628,-0.217298738262609
"841",2.30259895029441,2.83200496735052,0.741427432571996,0.134145132584982
"842",1.04730392630945,2.70054631957046,0.840476803668077,0.518916494372444
"843",0.832510781827112,3.18355974146439,0.809338361434701,0.374929898102617
"844",1.06706412695541,4.27784488858625,0.784143057948133,0.276732926823736
"845",1.47009826406496,4.42120384003056,0.816186179520379,0.404096527840739
"846",-2.43747129284027,2.91795999013725,0.781322550417814,0.266499876184352
"847",-1.89663647689933,2.13047361108504,0.785337450699116,0.281107637476884
"848",-1.91151897512369,2.52351931645989,0.751605079765941,0.165975717627677
"849",0.178142119488608,4.06890890510995,0.803704813394609,0.351802823805788
"850",0.0555169247999006,3.5647530196207,0.763739764525358,0.205541148737163
"851",0.0886384448784443,3.75834816712164,0.698032044635356,0.00948154637697513
"852",-0.0441369991688916,3.14492627050473,0.816967140551174,0.407501356587985
"853",-0.0107154287406179,4.42643557068937,0.878066310134155,0.750988697140369
"854",-0.0857403675904638,3.58164517388347,0.860036220548998,0.628783683248604
"855",-0.110058819088724,4.16654639242051,0.853864445664781,0.59200661631797
"856",-0.134613716184463,3.17275387015675,0.876033432020792,0.735895523780602
"857",-0.401304657801225,2.7997984993181,0.883124094794843,0.79031349376668
"858",-0.647327421111115,4.15773602786241,0.908928802062903,1.04847983491239
"859",-0.615442859711151,2.92631203907456,0.882499092907865,0.785308362375149
"860",-0.602856140772356,6.38095817865503,0.865910605625713,0.665950612384265
"861",-0.469618828617789,4.71040244103433,0.892974223046693,0.875527161014519
"862",-0.869146232594973,4.5845562349104,0.914441771186663,1.12357109597804
"863",2.67454218978328,5.27280864080978,0.903721282713377,0.985919405847166
"864",2.89890785094222,3.34732561563986,0.913959610477261,1.11657306993953
"865",2.88996106675275,4.69169968240515,0.909378204104667,1.05422815324848
"866",2.81692079425222,6.8149637795088,0.92128079294892,1.23409936698507
"867",2.86338277840321,4.11889887068698,0.893159040550066,0.877253739508134
"868",-0.0307587961987532,2.23549385766735,0.820949714177852,0.425129858559229
"869",0.0460037557839401,4.39883877519035,0.884728450455726,0.80336225469375
"870",0.0943905861010719,2.19733708389391,0.888989564199879,0.839520284202844
"871",-0.00955485925538335,5.57885530678754,0.895368224523337,0.898309687900828
"872",-0.0471803954242755,6.97778866059311,0.893203503130191,0.877669896480128
"873",-0.0805143633921266,5.07692339578809,0.889303241535223,0.842273993678987
"874",-0.252414615201892,3.89128936205267,0.854876919619328,0.59789293445063
"875",-0.307627514903641,3.46706460953851,0.899379570789378,0.938674962829945
"876",-0.187123466580622,2.84647166824337,0.879022099673263,0.758220736809622
"877",-0.264153693073033,3.11158283475945,0.890478061735455,0.852706755804036
"878",-0.294826737402734,6.53732152892138,0.889124294305667,0.840701432753896
"879",-0.322008011326182,4.86716674621461,0.879431855341091,0.76134862308174
"880",-0.283897152084492,4.71333976660753,0.862588066621717,0.644652719535527
"881",-0.170945751891012,3.22882178777699,0.838599314620909,0.509299768778444
"882",-0.254598059933986,3.95434891897942,0.802153427230866,0.345562414886623
"883",-0.394468958026891,2.31894192355315,0.572874893929519,-0.290954810532694
"884",-0.66029460408062,2.01819596795882,0.677752451872043,-0.0439648248889866
"885",-0.811057278374009,3.81939502156614,0.760836028872211,0.195901827815246
"886",-0.77651627571689,3.50287811783438,0.665517756346782,-0.0750527602302006
"887",-2.44729991673333,3.68449463153384,0.650240379027412,-0.112819390817336
"888",2.45945740234141,3.11652548645516,0.735280209419081,0.115458892697401
"889",2.08970310084202,3.25408363275075,0.751535217733631,0.165753203136537
"890",1.19237560057842,3.86947071075248,0.805573499603354,0.359391857630421
"891",0.991299928786733,3.08177730825828,0.843510466228849,0.534762802066975
"892",1.62240607535951,4.5375055461901,0.849625022347058,0.56794107616893
"893",1.60959323171029,2.67601004279377,0.829602222686764,0.465072632143994
"894",2.71681587604628,3.29065977532845,0.85058921001997,0.573334319360458
"895",-3.0520404993374,2.80853158899966,0.808814900166051,0.372749147930167
"896",3.00192580916226,5.94224178358268,0.869471337514177,0.689636096071873
"897",3.01076568476141,3.80572635607504,0.885070437817142,0.806182104503427
"898",3.02845170017495,4.30178902632886,0.758549017913166,0.188387806931666
"899",2.57300646747575,2.47390599702322,0.602167695499236,-0.225592254771725
"900",2.27017026821821,3.3002215717481,0.779810841647771,0.261070432456455
"901",2.38489818785085,3.57396123024291,0.745842887347002,0.147812556881365
"902",-0.586907837970101,2.61355165736766,0.632752937929673,-0.15480040170533
"903",0.552005949514926,2.65373217807741,0.652999943518049,-0.106077643098634
"904",0.12841950452497,2.59621267976387,0.748220011853023,0.155259565990563
"905",0.487763048991682,3.05299208769683,0.55652840480846,-0.326645334463555
"906",-0.342981992176671,3.09791919767136,0.515029434790913,-0.415527154324475
"907",-0.330015688420932,1.98919193628825,0.479018553618734,-0.491539685269795
"908",-0.462477285338132,1.93175743209579,0.465029260526832,-0.520994114331288
"909",-1.0196793648013,2.21924430900588,0.334545177278707,-0.804794807018664
"910",2.82399758585185,1.64744119883744,0.271177236170779,-0.958793726538707
"911",2.57093841187007,1.59289693246896,0.245616632990285,-1.02677542273572
"912",2.34501169862419,1.69491669083858,0.345994735511364,-0.778579677140361
"913",1.89721253307724,3.1590233179668,0.614861998299275,-0.196572271378417
"914",-2.53241016893411,3.36920535366433,0.474261252379728,-0.501555259401909
"915",-2.85117802152324,2.36907636293592,0.481772853703055,-0.485740394204984
"916",2.31973315447136,2.74055535346,0.475592455998825,-0.498752723566205
"917",2.40272274892108,2.35267348217026,0.600921329743467,-0.228416642984994
"918",2.66354093025666,3.33822218577787,0.745095467676738,0.145484090009007
"919",-3.092315966778,4.22048230491608,0.798664941279132,0.331722599841231
"920",-3.09588816842025,3.85981253440658,0.771707609892713,0.232590445467967
"921",-2.11667837395614,4.77678394208386,0.813588686944474,0.392890128721192
"922",-1.858913659604,2.62872365620854,0.687073679052226,-0.0197161552204176
"923",-2.08615235435632,2.7739645966045,0.726943913929299,0.0907130401995231
"924",-2.7083273319272,4.05577854477257,0.729530932366357,0.0983221835026696
"925",-2.48497573485953,2.72279344958748,0.722404329362005,0.0775071574205094
"926",-1.85738712799497,2.73813333963861,0.679567451403971,-0.0392831070278858
"927",2.64756598625327,2.6473863029744,0.712211805260052,0.0484975035487784
"928",2.49652318362855,3.06459754548285,0.794443914131393,0.315318021704021
"929",2.19882909460625,3.56599598550575,0.772505734866603,0.235350566616992
"930",1.98784906511546,3.02099638132438,0.790163735923492,0.299045121457908
"931",0.85997658307655,2.89450585879348,0.737432777248973,0.121958326935069
"932",-2.48161990757871,2.7906129012334,0.75718722995269,0.183945469848654
"933",-2.50034614552169,3.68370004127215,0.746036335774937,0.148416222527462
"934",-2.25544930394524,3.47815012482746,0.729050284981795,0.0969037829416073
"935",-2.69901512543071,3.99863927714516,0.786906980116399,0.286894666866572
"936",-2.74096705602844,3.28503181120062,0.729039621480968,0.0968723391301782
"937",-2.59060695045794,5.40308856871337,0.849975755159787,0.569897610365888
"938",-0.581756602051877,3.8136325896039,0.839556263002551,0.514183635042665
"939",-0.765569116363762,3.39801223125924,0.827449089928683,0.45491052327237
"940",-0.726656008939501,4.23868265874438,0.735358301850833,0.115693874120035
"941",-1.01047808991984,4.80496591285689,0.834843852688245,0.490477847250722
"942",-1.05011585820342,6.64384305287534,0.88466883198969,0.802872073260888
"943",-1.0316192998618,3.79826777489515,0.867896657258497,0.679046958998801
"944",-0.992578194420199,5.41995957844727,0.894004881645161,0.885223360455695
"945",-1.0943503857319,3.05935036117778,0.860450926734373,0.631334902792135
"946",-0.599640354250512,2.45206295548431,0.89953097921162,0.940256897484194
"947",-1.6056470292094,3.94794100768967,0.900413994412146,0.949573001418329
"948",-1.45665110791408,5.75890516563248,0.917843689418253,1.17570919307227
"949",-1.37496630911719,7.07207738182629,0.914205240894008,1.1201268048219
"950",-1.55381987492611,4.28736505715523,0.89733757154488,0.917764928227042
"951",-0.934840459034623,4.98817037980112,0.867984077340584,0.679629981613531
"952",-1.21875740440073,4.4942254228568,0.895358773303189,0.898217918219219
"953",-1.37716244466362,4.78340475366736,0.83990310381193,0.515962840045837
"954",-1.45992948099719,4.89035020633741,0.804124014675739,0.353498329614991
"955",-1.79438064487062,5.1112854106068,0.784148900261712,0.276754264914025
"956",-1.76301359366703,3.45184089395306,0.843852627255516,0.536574714827619
"957",-1.49618368068441,3.65350292224604,0.86191488363463,0.64042647223454
"958",-1.29555731492241,4.90672716178091,0.876558131066836,0.739754414773884
"959",-1.05333488801464,4.73795084443301,0.862971844109073,0.647075183862892
"960",-1.11558060985024,4.37344809365474,0.816667602713191,0.406193461491566
"961",0.919290903813233,3.86880936484291,0.768986169825704,0.223249773286232
"962",0.826145866645703,3.50926840164555,0.787860620772947,0.290432433046212
"963",1.00305105817701,3.27845544772176,0.834613913466809,0.489342729668607
"964",-0.0530338685934999,5.01466310466112,0.838332874014133,0.507946444757573
"965",0.105914971966572,4.86370775180503,0.862018927293034,0.641077759684985
"966",0.112423459391198,2.45774871207712,0.80461664290635,0.355495924177203
"967",0.0805903034696214,3.28801327817327,0.826270794580592,0.449413603977434
"968",0.219253858197544,3.06927884817318,0.820979705164715,0.425264336600824
"969",0.179977632562238,6.10590308815396,0.896137409224128,0.905828785729624
"970",0.288996643127335,4.51008399844716,0.878727033028396,0.755978598079321
"971",0.370985831288976,3.26336900425681,0.88437193431585,0.800437139659953
"972",0.448661852727053,7.96130485407345,0.897162129975486,0.916004211849138
"973",0.502451082978683,3.63881129892958,0.899396663717532,0.938853328160131
"974",-0.0318258852187228,3.18438696242866,0.88502032536152,0.805768044064238
"975",-0.0867748832764805,4.95581499571078,0.884350778121659,0.800264021829145
"976",-0.140586858978407,5.31786537115302,0.899805106701784,0.943132448684648
"977",-0.111208384504166,5.09389007037315,0.923351437132747,1.27263734717407
"978",-0.117057827334082,7.16187743270579,0.937201213095606,1.64677380383776
"979",-0.245715445183142,8.71683620454666,0.940694513972646,1.80800716272535
"980",-0.246131629284595,9.90329001362395,0.942181522421334,1.89585405120218
"981",-0.0266326357561804,4.9209220914525,0.937362662101182,1.65320724804391
"982",-0.000438686707347813,6.63491712600182,0.933732971292582,1.52502510941582
"983",0.0610636357512471,4.45384606039387,0.929408822232776,1.40484299433215
"984",0.0120033306154719,7.28326233017595,0.927845133408524,1.36740382686128
"985",0.0010543601697619,6.63072533063763,0.924757967701581,1.3005107466746
"986",0.0201205246834721,6.66869214130221,0.922995230456937,1.2658052834536
"987",1.15079566810448,7.62383218017127,0.929783088669144,1.41421593610044
"988",1.15554594597262,6.91941021836605,0.931868428737505,1.46976847319478
"989",-0.191891131230134,6.92454981313832,0.924927858628789,1.3039792097962
"990",-0.151718502541757,6.19010113487875,0.93634618116852,1.61398300469894
"991",0.238956077548349,6.10045414761312,0.939553811578049,1.74958396323738
"992",0.313151082490973,9.4804113813856,0.942921018534144,1.94592624349635
"993",0.301283419972337,11.4898721811393,0.943658310548242,2.0013094667329
"994",0.305147625914882,7.07331859566454,0.941855733379662,1.87526895802165
"995",0.29439101749325,6.65839618138402,0.933952294708399,1.53192974686325
"996",0.364461084992817,7.00079576963661,0.92891507546934,1.39272950586914
"997",0.643971516295637,8.46754873121211,0.932137239028388,1.47738095142246
"998",0.523261780227755,8.11323640487916,0.939039660882371,1.72528724662352
"999",1.58692717690384,7.51659970580495,0.927590179222903,1.3615453638496
"1000",1.49988681642059,6.53559581278035,0.923936330699218,1.28405039964373
