0.80036,2.1609,0.33685,-2.9463,-2.4231,2.0623,-1.2252,-0.033471,0.54094,1.8965,0.14809,2.314,-0.35874,1.0966,1.8561,-1.4451,1.473,1.8702,-2.6641,-1.3536,-2.2991,1.2891,1.2036,1.03,-3.0652,-2.1647,2.6335,-1.9044,-1.6076,0.28966,-2.6233,0.60493,-0.13185,2.8896,1.0951,0.59453,0.1301,1.2432,0.22846,0.035874,2.045,1.1534,0.039872,-0.25177,0.91038,1.4876,2.0664,2.9503,-2.4366,0.12101,-2.3661,-0.28606,0.60919,-1.8757,-1.4313,1.8245,-2.9214,1.9295,1.1294,2.3614,1.9396,1.5517,1.5315,2.05,0.48045,-2.1673,-1.6442,2.5362,-2.8963,-1.4445,0.90378,1.7112,2.2485,0.42603,0.017451,0.21102,-2.548,-1.7692,2.3601,1.5345,2.3038,0.27061,-1.0728,1.2315,0.30249,-0.66458,1.9819,1.8307,1.0528,-2.3558,-1.5437,-1.2539,0.40649,0.21314,-2.8239,-1.9794,2.1761,2.7665,-1.5632,-1.5506,0.42263,-1.6008,2.392,2.2746,2.5259,1.6956,-2.1984,-3.119,1.7667,1.6494,1.0266,-1.7295,-1.1543,1.6421,2.5329,-1.4032,2.2862,1.0813,-2.4059,-2.9471,0.35988,1.238,1.288,-0.85398,-1.1321,0.12237,-2.9005,1.2724
0.87383,1.7739,0.84517,1.6453,0.11449,-1.6977,-2.1221,0.11449,-2.403,-1.3262,2.1151,-0.10897,-2.3736,-1.3412,-0.065241,1.3811,-0.41622,-1.3412,-0.41622,2.4807,-2.3736,-1.3412,0.89224,-0.40315,-0.043252,2.4013,2.1151,1.3811,-0.40315,0.1267,0.42383,-0.41622,-1.3459,-0.41622,-2.4909,2.4807,-2.4909,0.89224,-2.4909,0.42383,1.8248,2.4013,2.4807,0.91303,1.6191,2.0624,1.3811,1.0972,0.84517,0.39977,0.84517,-1.3412,0.84517,-1.3412,0.42383,-1.3459,0.39977,-2.3736,0.1267,2.4807,2.4807,1.3811,0.11609,-0.065241,0.87383,1.4516,1.3811,-0.6969,1.1199,-1.9143,2.3362,0.91303,1.8248,2.0624,-0.54369,1.3811,0.1267,-2.4909,0.11449,0.42383,2.4013,-2.3185,0.98657,2.4013,2.4013,1.0972,-0.98393,-0.41622,2.1151,0.11449,0.11609,0.1267,-2.4909,-1.9143,0.42383,0.89224,-0.065241,1.6191,0.42383,2.1151,2.1151,0.11609,-2.3031,0.84517,1.395,-1.3459,0.31412,-1.3412,2.3362,1.3298,0.1267,0.11449,-0.10897,1.3811,0.86034,-1.3459,0.11609,1.3298,2.3362,-0.6969,1.9248,-2.4909,2.1151,-0.40315,0.1267,0.11609,0.89224,-1.3459
1.5348,0.53279,2.1695,1.8792,1.3508,2.7844,-3.016,1.3508,0.066747,1.8792,2.7844,0.21788,1.3936,0.53279,1.8671,0.73756,0.28319,0.79938,2.0403,-0.15176,-0.017872,0.81589,-3.0848,1.0399,2.7844,1.8067,2.0403,0.28319,1.0399,2.0403,1.8671,-0.15176,1.9192,1.5348,0.73756,1.4908,2.0403,1.5348,0.63537,0.28319,0.63537,0.87441,2.7266,1.3936,2.4459,0.84642,0.78606,0.21788,2.7844,1.4908,1.1319,2.7844,1.3936,1.5366,0.066747,1.3936,0.066747,2.2285,1.1319,-0.15176,1.1319,1.3936,1.3936,1.1319,0.63537,0.066747,-0.40812,1.8671,2.0403,1.1731,1.8004,0.0070956,0.91854,2.2285,0.91854,2.7266,1.1319,0.84642,2.2285,0.63537,2.2285,1.3936,2.0403,1.1319,1.5348,2.7844,0.63537,-2.1576,0.84642,-2.6055,2.7844,0.53279,0.25674,1.8671,0.63537,0.73756,0.63537,-3.0944,0.36538,-0.064542,0.63537,2.2285,0.84642,0.32665,3.036,1.1319,2.4459,1.8671,0.32601,2.7844,0.031569,1.8671,1.0399,1.3936,2.0154,0.0070956,0.066747,1.5348,-0.091674,0.63537,2.0403,1.0399,1.1319,-0.40858,2.2285,0.78606,1.1319,0.81589
1.799,2.7347,1.2746,2.6039,0.928,2.6039,1.799,3.0797,1.4617,3.0797,2.6039,2.0079,2.6039,1.799,-3.0316,-0.25381,1.4154,1.9626,1.799,-0.73417,2.3797,3.0797,2.6039,2.2722,-1.4773,3.0797,1.799,2.6134,0.84088,-2.1054,1.8371,0.85781,-2.37,0.75174,2.3843,0.928,1.3248,0.84935,2.9211,0.84088,1.9383,2.0079,-2.37,0.75174,2.6134,1.3248,0.88508,0.19477,-1.76,1.7019,0.88508,2.7576,2.1197,-3.0316,2.3797,2.3843,1.799,-0.13623,1.9316,1.7019,0.75174,1.799,0.5109,1.7159,0.88508,0.19477,1.3248,0.45053,-1.4773,0.88508,1.5519,1.3248,-1.7668,1.7019,2.7576,-2.9067,1.799,0.58277,2.4529,2.0079,1.9383,1.8371,-2.1456,2.0079,0.49356,1.0889,2.6134,2.9211,2.6596,1.3248,1.799,1.5519,1.9626,2.6039,0.928,2.5607,-2.37,1.223,1.4617,2.7347,1.7159,2.0079,2.1197,1.4617,2.6134,0.96774,1.8251,0.96774,2.5607,1.799,1.8371,2.9211,1.8371,2.047,2.5607,2.3,2.3843,0.88508,1.3348,0.49356,2.7576,-1.7668,2.6596,1.3615,2.7347,-3.0316,2.3797,2.6039
1.9033,-2.0756,0.67461,1.481,1.6758,2.3334,1.1422,-0.59612,3.1116,1.0984,1.7253,2.3295,-1.8418,-2.089,1.6139,1.4704,1.6758,1.4704,2.3148,1.3692,1.2551,-1.223,1.9487,1.8393,1.397,0.64232,-0.11273,1.7023,1.6758,2.1161,1.8393,1.7023,0.38314,1.0006,1.8393,1.481,2.9127,1.1597,0.90361,1.2551,1.7253,2.3295,0.68659,1.0006,-1.8418,-0.11273,0.90361,1.481,0.98511,1.1422,-0.12876,2.2178,-2.089,-2.8353,1.4704,-1.2594,-0.64172,0.67461,-1.2481,3.1116,0.92246,-0.17091,3.1116,-1.8418,0.92246,1.6139,1.9747,1.481,1.2551,1.8324,1.397,1.8393,1.0006,1.4704,1.9487,2.3148,2.5003,1.9033,1.1757,1.7253,1.6758,-2.089,1.6758,3.1116,1.397,1.7023,-1.8418,1.7023,1.4704,0.90361,1.2551,2.0177,1.8393,0.64232,1.481,1.9487,1.5753,1.2146,1.8324,1.6139,2.0177,1.1422,2.3334,2.3409,1.6758,1.8393,-2.6164,2.3334,1.3581,1.397,2.2178,0.60786,1.8324,0.67461,0.38314,-1.2594,1.481,-0.12876,0.67461,1.6758,1.6139,1.0006,0.90361,1.0006,1.8393,0.67461,1.4704,-2.089
1.6066,2.3079,1.867,1.9324,1.9324,0.82386,-3.0725,1.5984,1.5984,1.9503,2.0505,1.0461,-0.9177,1.6443,1.6066,0.95071,0.83896,1.6186,1.0453,1.9324,2.3079,-3.1163,1.9324,1.4933,1.3542,-2.621,0.98497,1.1388,-3.0725,1.757,1.867,1.8573,1.6066,1.3593,0.32813,1.0453,1.9503,1.3013,2.1285,1.3214,0.8615,2.6417,0.9284,-1.4126,0.97499,1.2636,1.867,1.1251,0.28516,-2.2261,-0.9177,1.6066,0.83896,0.73153,-2.621,-1.1109,1.0453,1.1166,1.4712,2.3895,0.73153,1.0453,0.9284,2.3079,2.3069,2.0511,1.0453,2.7937,0.16787,1.0453,-3.0725,2.1909,1.8573,1.1251,1.9324,1.7584,1.2636,1.8573,1.3732,0.36012,1.1251,1.9195,2.0511,1.2636,1.5984,0.25213,1.6506,-2.621,1.3542,2.0511,2.3895,1.16,2.0505,0.32813,-3.1163,0.9284,2.6074,2.2263,1.1251,1.16,0.28516,1.6066,0.32813,0.28516,0.83896,1.5943,1.0453,0.9284,2.0505,2.3079,-2.621,1.3432,-3.1163,1.16,1.6506,1.688,2.2263,1.5984,1.867,0.77862,0.9284,1.1388,-2.2261,1.0461,0.32813,2.2263,2.3895,-0.047407
0.92987,1.5203,0.021245,-1.192,1.9026,0.92987,-1.192,-2.8865,2.1055,1.8312,1.5203,-1.1684,2.4179,1.5591,2.432,2.4179,2.0376,1.5332,2.5898,1.6284,1.7469,1.6742,2.2264,2.3321,-2.8865,2.4179,1.2335,0.77161,0.92987,2.0941,0.92987,1.6742,0.92987,1.8041,1.913,2.1055,2.2264,1.5203,2.3723,2.4179,2.4179,2.0941,0.33917,1.9921,0.92987,2.0941,2.1055,1.913,2.1055,0.92987,1.3562,2.432,2.1262,1.5203,1.2894,2.3723,-1.0523,1.6284,2.3321,1.9026,0.13116,2.3723,2.0941,2.3723,1.7469,1.2894,1.5319,0.77161,1.8245,-1.6175,2.3723,2.5898,-2.8984,1.6742,2.0941,0.33917,1.7871,1.268,1.5332,1.7469,1.913,0.92987,0.92987,2.0941,2.4179,2.2264,2.4179,2.1262,0.13116,0.92987,0.92987,2.0941,2.0941,-0.85087,2.5898,1.9026,0.77161,2.1055,2.1646,2.9544,2.1055,2.3723,2.4278,1.5332,1.7469,0.13116,-1.192,2.2262,1.7469,0.93042,2.2315,1.7469,1.7871,2.3723,1.2894,0.92987,2.1055,2.0941,1.913,-2.9504,-1.192,1.9026,1.1976,1.5332,1.5203,2.3723,2.0941,1.7469
-1.7604,2.2452,1.0337,2.5243,1.841,2.186,1.9055,2.3779,0.46499,-0.47902,3.0015,2.4071,0.5751,3.0015,-0.47902,1.841,0.12456,1.0676,2.2418,2.186,-0.47902,1.4118,-1.7247,2.9003,3.0015,-0.47902,1.3288,0.37287,2.3502,0.76638,1.6986,2.6882,-2.9574,1.6153,2.4123,3.1214,1.4118,1.841,-0.47902,1.4008,1.7376,0.0087749,2.9003,1.6153,2.9182,1.8967,-2.2825,2.0532,2.1425,1.4977,1.4977,1.841,1.1254,2.2711,1.8364,2.7463,-0.46154,-0.47902,2.4071,-0.46154,0.89821,2.3502,1.9055,1.6153,2.4071,-2.2825,2.2711,1.9769,3.1214,2.0352,2.186,2.1425,2.3502,0.76638,1.2748,2.0532,1.4511,1.9093,1.6733,1.9055,2.7463,0.93379,-0.47902,-0.47902,2.7463,2.5243,2.5243,1.8967,2.3502,2.1425,1.8309,-2.2825,3.0015,2.1425,2.1425,-2.9574,0.93379,0.93379,1.6158,2.186,3.0015,2.3105,1.0337,2.5243,-1.7247,2.0352,1.8967,3.1214,2.2826,1.1861,2.7463,1.6986,2.3779,2.186,2.4071,-1.7247,2.186,2.2418,0.45584,-1.7247,0.58177,1.8309,2.0178,1.4008,3.1214,0.76638,2.186,2.3502
1.7952,2.9175,1.7145,-2.7114,2.1945,1.6373,2.9318,1.4029,1.8338,-0.21683,1.8502,1.7952,1.6373,3.0534,1.7118,2.9175,1.9618,2.6943,1.6373,-3.0996,1.1239,1.5948,1.9618,1.8338,1.5948,2.0845,2.1853,0.95459,3.0534,1.9618,0.81224,1.7145,2.1962,2.273,1.5948,2.1853,2.1962,-3.0996,1.6485,1.1136,2.5345,2.0715,1.7145,2.5345,-0.86635,2.8904,1.8338,-0.52119,2.273,2.273,0.32972,1.8502,0.32972,2.5957,1.7145,2.273,2.9651,-3.1066,1.5609,2.1945,1.9933,0.85641,-3.0215,2.5345,3.0534,2.7712,2.0539,1.6373,2.1587,1.756,2.621,0.85641,3.0534,-3.0265,1.756,2.5533,-3.0265,2.5345,2.0539,-0.21683,2.6943,1.2033,1.8502,2.1587,2.9651,0.81224,1.8804,2.6943,2.5345,3.0391,-2.8141,3.0534,1.8338,-3.0265,2.1587,-3.1066,0.48183,-0.70328,0.85641,1.8502,2.0715,1.5948,2.5345,2.5345,2.9695,-3.0265,1.2999,-3.0215,1.3609,1.5609,1.9618,3.0391,2.1587,1.7145,2.0539,-3.1066,2.1962,3.0534,0.77327,2.9455,2.621,-3.1066,2.5345,0.81224,0.85641,1.4029,-1.471,1.8502
-2.7637,-2.5864,-3.0631,0.2474,-2.5864,0.164,-1.9333,2.4516,2.2665,-2.7637,0.164,2.4224,1.8958,-0.20696,-1.8409,2.5007,2.3572,1.9254,2.9102,-1.9333,-0.10581,1.2253,0.164,1.1172,-2.3071,2.4516,-1.6595,-2.3911,2.5289,2.5289,1.1314,2.3572,-2.3911,2.1903,-1.9333,2.2556,1.5665,1.1314,-1.8409,2.9102,2.5362,2.3414,2.3572,1.2715,2.5628,1.9672,-2.3071,1.1172,2.3946,-2.7442,-1.8409,-2.7637,2.3466,-1.9333,-1.6595,-0.63231,2.6216,2.3126,2.3946,1.673,-3.0181,2.5609,1.9908,2.5412,-2.7044,1.3796,-2.7442,-2.3071,2.2409,2.9748,1.5476,2.3414,1.9908,-1.9333,1.6859,2.3946,-2.7637,2.3572,2.5007,-3.0181,2.5628,2.5362,2.6558,2.3414,-3.1127,2.2409,-1.6595,-2.9443,2.8303,-0.2149,-2.4669,2.2556,2.3126,2.401,2.9547,-2.5864,2.4516,-1.8409,1.2986,1.2629,2.1887,2.6558,1.5476,2.3946,2.2409,2.2858,2.2556,1.4136,-2.4669,2.5289,2.6216,-3.1127,2.472,2.6458,1.673,-2.7828,2.4224,0.426,2.5068,-2.7637,-2.7442,1.5665,2.3414,-2.7637,0.7133,-1.8798,2.3946,2.3946
-2.1215,0.59024,-0.81889,-0.81889,-2.851,-2.513,-0.3149,2.3356,0.12689,-3.0472,0.59024,2.9759,-0.81889,2.609,2.1413,-2.2225,-0.22725,-3.0472,2.2515,-0.81889,0.59024,2.1413,2.0726,0.59024,-1.3705,2.3356,-0.81889,2.9036,-2.8228,1.254,-0.81889,0.59024,3.0555,-2.1215,-1.3705,2.1413,0.12689,2.1413,0.59024,-2.0355,-1.9978,0.59024,-2.9177,2.3523,-1.3705,0.59024,0.17703,-2.513,2.4286,0.35624,2.1413,0.24208,-1.1746,2.0588,3.0555,-0.81889,-0.12105,-0.36967,2.0726,2.1413,2.1413,0.59024,2.8613,-3.0472,-0.81889,-3.0293,0.59024,-2.1125,0.12689,2.1585,0.59024,2.1413,3.077,0.12689,2.1413,2.0588,0.59024,0.17703,2.1413,2.1413,2.5691,-1.3705,2.1585,2.1585,-0.82126,2.7255,2.9759,-1.3705,2.1413,0.59024,-0.81889,2.1413,2.1585,2.0588,-3.0293,-1.7726,2.1855,0.83708,-0.12105,0.59024,-2.2208,-0.12105,0.59024,0.12689,-2.5756,2.1413,0.49517,0.59024,-2.0355,0.12689,-1.9846,2.0588,0.12689,2.1413,-1.3705,-0.82126,2.1413,-0.3149,3.0555,2.5691,0.59024,-1.3705,0.59024,-0.36967,-0.81889,2.2889,2.3356,0.70341
-1.1599,0.68964,0.44767,0.44767,-0.84143,-1.2547,-0.48055,0.35095,0.66888,-0.98565,-1.0678,1.4792,2.9649,0.80411,1.9701,-2.0696,2.2948,0.53878,-0.48055,-1.0165,-1.6245,-0.22351,-1.0165,-0.92536,-1.4423,1.0934,-0.6169,1.1527,-0.84143,-1.2547,1.4792,0.93544,0.93544,-1.4423,-0.59289,-0.41595,0.53878,2.0852,-1.1495,-0.35508,1.6119,-2.065,0.1632,1.4792,0.33548,-1.1495,-1.0678,0.66888,0.58344,-0.92536,-1.1599,-1.1495,-1.4423,-0.98565,0.53878,-1.4423,-0.35508,-0.48055,1.9701,1.6057,-1.6245,0.35095,1.8857,1.8857,-1.1495,-0.48055,0.38229,0.44767,-1.4423,-0.92536,-1.5192,1.4792,2.0852,2.8543,-0.98565,-0.84143,-0.84143,-0.98565,0.68964,-1.6245,0.61423,1.9701,0.61423,-0.92536,-0.84055,-0.6169,0.61423,2.3426,-1.1495,-1.0165,-1.1599,0.53412,0.44767,0.80411,2.8543,-0.92536,-1.2547,0.66888,0.68591,-1.4423,-1.5192,1.9701,-1.0165,0.53412,0.66888,0.53412,-0.41595,-1.1495,0.13688,-1.1495,1.9701,-0.6169,-0.6169,0.40823,-0.6169,0.1632,-0.92536,-0.48055,0.35095,-1.2547,0.80411,-2.0696,-1.4423,-1.2547,0.61423,-1.0165,-1.1599,1.4792
-0.37465,-0.89351,-0.49017,-1.7304,0.86065,-0.65898,0.19911,-0.56224,-1.1201,2.797,-0.52771,-0.37465,-0.65918,-0.5901,-0.71,-1.647,-0.41755,-1.0923,3.1338,-0.91576,-1.1079,0.19911,-1.4839,0.19911,0.93968,-1.1079,-1.0963,-1.0923,-1.633,-1.3216,-1.1079,0.12916,-1.4839,-1.1201,-0.72084,-0.65918,-1.1079,-1.1201,0.10035,0.12916,0.44676,0.31768,-1.3216,0.16644,-0.37465,-0.5901,2.5969,-0.37465,-0.5901,0.19911,-1.1295,-0.56224,-0.52814,-0.71056,1.7022,1.6044,-0.37465,0.16644,-0.5901,0.31768,-0.56224,-0.48651,-1.647,-1.3216,-0.41755,0.12916,-1.1079,-0.37465,-0.48878,-1.3216,0.029257,-1.0963,0.10035,1.7685,-1.0923,-0.48651,-0.126,-1.1079,-1.0923,0.31768,-0.71,-0.71,-0.18219,-1.4066,-1.4839,-0.48878,-1.0963,-0.37465,-0.37465,0.31768,-1.1295,-0.41755,0.33751,0.19911,-1.3216,-0.49017,-0.74034,-0.72084,0.86065,-0.18219,0.63339,0.13387,0.31768,-0.91576,-1.1079,-0.91576,-1.647,0.31768,0.93968,-0.18219,0.86065,-1.7304,-0.48651,-0.71,-1.1079,-1.7304,0.19911,-0.126,1.7685,0.12916,-0.91576,0.12916,-0.74034,-1.0923,-0.41755,-0.41755,-1.0923,1.5846
0.21532,0.56229,-1.6575,0.23298,-1.3479,1.2247,-1.4232,-0.68322,-0.24961,0.25268,2.2756,0.25268,3.0455,2.2756,-0.12945,1.2247,-0.92593,-1.7523,-1.7208,-0.79622,-1.3573,2.2756,-0.77012,-1.3798,-0.68322,0.23824,-1.3798,1.2247,0.72302,-0.49289,1.8116,-0.53157,0.23824,-1.8905,2.2756,2.2756,0.15805,1.2204,-0.57464,0.23298,0.22636,1.2718,0.72302,2.81,2.2756,-1.5019,-0.31863,-1.7522,0.82768,0.25268,-0.67191,1.8116,0.23298,1.8116,-0.79622,-0.45206,1.2247,1.8116,-1.8905,1.8116,0.82768,1.2247,-0.49289,1.2247,1.2247,-0.47024,-0.68322,-0.92593,-0.45206,-0.14633,1.827,0.021783,-0.37209,0.82768,0.82768,-2.4291,-1.3798,0.23824,1.4757,-1.9309,2.81,-2.999,-1.9309,1.2247,-0.62401,-1.8905,-0.37209,-1.1914,1.8116,0.23298,-0.68322,-2.8008,1.8116,0.22636,0.23298,0.23298,0.82768,0.23298,-1.8905,-2.4291,-2.999,-1.1914,1.2204,1.2247,-0.79622,0.44523,-0.13594,2.044,-1.3479,-0.45206,2.3565,0.12337,-0.45206,-0.36711,0.23298,-0.92593,-0.52813,2.2756,1.2247,-2.999,1.8116,0.44523,-0.45206,0.23298,0.021783,-0.53157,0.021783,-0.12945
2.9524,2.9524,0.92631,2.9524,0.26513,-0.23184,0.36598,1.9821,1.3746,1.864,2.0675,-0.23184,2.9524,-1.0966,-2.1405,2.9524,2.9524,1.2813,1.7622,-0.15969,1.7622,-0.62353,1.2813,2.9524,-0.23184,2.205,1.7622,-0.54145,3.1166,-0.94721,2.205,2.9524,0.24549,-1.3279,2.0675,0.14645,2.9524,0.18946,1.2813,2.9524,2.9524,2.9524,1.7517,-0.23184,2.0675,-0.3207,1.7622,-1.5575,3.0273,3.0273,2.9524,1.7517,-1.3279,1.3746,0.5909,1.7622,1.864,2.0675,3.0273,3.0273,1.0293,1.3746,0.87792,0.87792,2.205,0.46022,2.7037,-0.94721,2.9524,2.9524,2.6993,2.9524,2.7037,1.3746,2.9524,1.7622,2.9524,2.9524,0.44517,1.7517,1.2813,-2.9747,3.0273,2.205,1.3746,1.864,-0.23184,0.44517,2.3194,1.7622,-0.23184,-1.0966,-0.23184,1.864,2.9524,2.9524,-1.7681,-0.94721,2.205,1.9821,2.205,2.9524,-0.13166,1.7517,2.3194,-0.64386,1.2813,2.9524,1.864,1.864,2.9524,1.7622,2.205,0.32508,1.7622,-1.0966,0.36598,2.3431,1.6924,2.205,-0.0029135,1.3746,2.9524,2.9524,-1.6013,0.87792,1.1693,2.9524
0.78251,2.9052,1.5063,0.16696,1.7597,1.6483,2.9052,0.58345,2.9107,2.8479,2.5289,2.5182,0.4943,-2.8539,-1.892,2.5899,-1.3411,2.6513,-2.1487,3.0544,0.78768,-3.0247,-2.248,0.75598,-3.0247,1.0924,1.7664,0.61292,-2.446,0.61292,0.58345,2.3176,2.9052,1.9618,-1.892,1.7664,2.6607,-2.248,1.5063,2.5227,2.9052,0.10861,2.7618,0.16696,0.61292,0.70211,-1.4704,3.0323,-2.8539,-1.892,2.9052,2.3925,-1.5547,3.0544,-2.248,-2.8539,2.2513,0.34153,2.8563,2.8479,-0.6679,0.37679,-2.2004,2.5289,1.1632,1.7664,1.1632,1.1039,2.5691,-1.4704,-0.46322,1.5063,-0.18275,0.4943,1.7597,0.16696,2.8479,1.6424,3.0323,-1.7667,-1.7667,2.8479,3.0323,0.4943,-0.52361,0.58345,-2.8539,-0.46322,1.6424,-0.60317,-0.6679,1.5063,1.965,-1.5547,1.7597,1.7664,0.61292,0.91133,2.2326,-0.81489,2.3954,0.61292,-0.091335,0.78251,1.7051,2.3954,2.3448,2.3954,0.16696,2.8563,1.877,2.5899,1.6025,2.8563,0.16696,-1.4704,-2.446,1.7664,2.8563,-2.8539,0.16696,1.1039,2.5691,-2.1487,0.61292,0.61292,2.9107,-0.6679
1.5527,1.7256,0.58578,0.51247,0.36763,2.6898,1.7256,1.6339,0.36763,2.4203,0.58578,2.6059,1.4911,1.7608,1.4911,2.9644,1.7279,2.8143,1.4604,1.5927,1.5346,2.8143,1.3012,-1.488,-1.9623,1.7256,2.8294,1.7778,1.2755,-1.488,1.7256,-1.488,1.4604,1.7256,1.7279,0.91324,1.3669,2.8048,-1.488,1.4987,0.58578,1.5927,2.0922,1.6339,-1.488,1.6339,0.36763,0.36763,2.1082,1.5346,1.5346,-1.3321,2.8143,1.7778,2.6059,1.5346,1.4911,-2.7941,2.1082,2.7668,1.7608,0.79051,0.6105,-3.046,1.5346,1.7256,-2.5944,0.58578,1.2755,-1.488,-1.488,1.7269,0.36763,0.91324,-3.046,1.2755,1.7256,-1.488,0.36763,2.2644,1.7269,1.7778,2.4141,1.1866,0.36763,-2.5202,1.4911,1.7778,1.1236,1.4911,1.7256,-1.488,1.7778,2.8143,0.75094,0.36763,1.5346,0.75094,1.5346,1.5346,-0.21219,1.2755,0.36763,1.5346,1.4604,2.1475,1.7256,1.7778,2.4141,1.7778,2.1724,0.51247,0.91324,2.8048,3.104,-1.488,1.4604,1.7608,-2.5202,0.48737,-2.2938,1.7778,0.58578,1.3012,0.58578,1.7778,-0.030524,0.58578
2.9467,2.2475,2.9467,1.7764,1.6516,1.3174,2.5025,2.1326,1.5089,0.98783,1.7999,1.4922,1.4982,1.5479,1.7999,1.4658,1.2545,1.6362,1.5089,1.4922,1.7376,2.2677,1.9063,2.2475,1.7764,1.0192,1.4922,1.3495,1.7999,2.1326,2.9352,1.6638,1.3029,1.6694,2.1326,2.2677,1.0192,2.1326,1.8161,1.4922,3.1336,1.3495,1.6866,1.4922,2.9467,1.7999,2.2677,1.4081,1.4922,2.9467,1.5089,1.7376,0.98783,1.4081,2.1326,1.4081,1.0192,1.4081,1.9808,1.7999,2.2677,2.5025,1.4658,1.4081,2.5025,2.179,2.5025,1.0192,2.2475,1.856,2.2475,1.9063,2.9467,1.2603,1.0192,0.98783,-2.5562,1.4658,3.0181,1.856,1.6694,2.2475,2.179,1.5089,1.856,1.7999,2.179,3.0181,2.9467,1.3029,1.3174,1.6516,2.5025,1.7999,1.9063,1.856,1.856,1.4922,1.0192,1.4081,2.5025,2.9467,1.0192,2.2677,1.4751,1.4658,1.6694,1.4922,1.3174,1.7999,1.6362,1.4658,2.9467,1.7764,2.9467,1.4081,1.4922,2.5025,1.6866,1.4658,2.179,1.7999,2.2475,1.3029,1.7764,0.32507,1.4922,0.88116
2.0011,2.785,2.3296,2.1424,2.2273,1.3161,2.1763,2.785,2.528,1.5936,-3.0329,2.1424,-0.96746,2.8718,2.1763,1.6452,2.785,0.11249,1.4056,2.3296,-0.70892,0.74451,1.8556,1.4561,0.40407,2.9655,2.1393,2.6181,3.0102,2.1393,-0.96746,2.0554,3.1172,1.6452,1.6452,2.7242,1.9892,2.7242,-1.0219,0.74451,0.98186,2.0554,2.7242,2.1296,2.785,2.7242,2.1434,1.6452,1.5117,2.8718,3.1172,2.099,2.2273,2.9655,0.40407,1.4675,0.11249,1.7221,2.785,3.1172,1.5512,2.785,2.0004,-3.0329,2.785,1.4675,-0.96746,2.785,2.3296,-2.6178,1.9639,2.5143,1.4675,2.1393,-1.0219,2.3296,1.4675,2.5871,2.2663,2.3296,2.4685,1.9148,2.1424,2.0452,-0.96746,0.56731,2.6181,0.74451,1.9639,2.7033,2.1393,2.6181,-2.0046,1.5373,2.3296,1.7773,1.8827,2.1763,2.6181,1.5117,2.0554,2.1393,2.1434,2.6181,-3.1404,3.1172,0.76237,1.5386,2.3296,-3.1404,2.7242,2.5661,2.3296,2.1434,1.7127,0.40407,2.2663,2.1763,2.3379,2.1296,2.1763,2.0039,-3.1404,2.2296,2.1393,-3.1404,2.1296,1.9148
2.9089,1.972,2.2275,2.3689,3.0685,2.678,3.1072,2.7898,1.9706,2.2857,2.5969,3.0232,3.0232,2.5969,2.3689,-0.71676,2.7015,2.0187,-3.0606,-2.6641,2.7015,2.5969,-1.4749,2.8768,2.9043,-0.71676,2.1872,0.48909,2.965,3.1072,-0.71676,-3.0606,-2.8205,3.0685,2.7444,-2.6641,2.7015,1.7835,2.7444,1.585,2.3689,2.394,1.2701,2.7898,2.7898,1.7064,2.1678,2.5969,2.0985,2.1989,1.9706,2.238,2.1678,2.8878,-2.6641,2.1872,3.0685,1.585,2.7015,1.9512,2.1872,2.7898,3.1072,2.9089,2.8878,2.0187,1.972,2.472,2.2857,2.2181,2.678,2.9043,1.7601,1.7803,2.8878,-3.0606,1.972,-2.6641,2.2275,-2.6641,3.0685,2.7898,2.7015,2.5969,-3.0606,-1.4347,2.3689,2.2181,-3.0606,-2.6641,2.5969,-2.8205,2.0187,2.7444,2.9089,2.7239,2.8135,2.472,2.9043,2.5969,1.7064,2.5699,2.9089,1.7803,1.972,2.1872,3.0232,-2.701,2.5969,1.7064,2.9089,2.1872,2.1678,2.3689,-2.6641,1.972,2.2085,2.1678,-1.4749,-1.4347,3.1072,2.7015,1.9706,2.7444,2.8135,2.2327,2.1872,2.8878
-2.5979,-2.5038,-1.8924,2.4258,2.6016,-2.93,-2.93,-1.2639,2.0188,2.7365,2.4258,-2.5288,-3.0341,-3.1122,-3.1086,-1.5964,2.5383,-2.7658,-1.558,3.0806,2.733,-2.5288,2.5383,2.4258,-2.0941,2.7571,-2.4458,-2.2374,2.5383,-2.9436,2.1968,2.9852,-2.9487,-2.93,2.8044,3.093,-2.7658,2.73,-2.7658,0.36042,2.1487,2.6997,2.5383,-3.0341,-2.49,-2.5979,-3.09,2.1487,-2.5979,-3.1296,2.215,-2.7658,-3.1296,2.5383,-2.5038,-2.93,-2.5288,2.5383,-2.9487,3.1197,3.127,-3.1296,1.792,3.127,2.3553,-2.5038,-1.5964,-2.5979,1.8981,-1.5964,2.3553,2.9984,-2.5038,-2.4458,-2.7658,0.32451,1.9107,-2.0941,2.8201,2.73,-2.5979,-1.1771,-2.0941,-2.5979,2.8201,2.9356,-0.98583,-2.2374,0.36042,2.7365,-2.5038,2.1487,2.8314,0.46655,-2.7658,2.1327,2.1968,3.1197,-2.93,-2.5331,-1.5964,2.6542,2.2925,2.5383,2.1487,3.1197,-2.4389,-2.5038,-2.7658,-1.5964,3.1197,-2.93,2.5383,3.0342,-2.9436,-2.2484,2.8338,-2.5331,1.792,3.1197,-3.0116,3.127,-3.0341,1.8981,2.7571,-2.4458,-2.5265,-3.0817
2.6466,2.2255,2.6824,2.9539,2.7591,2.8164,-1.5657,-1.8615,2.5277,1.2607,-2.642,1.5469,2.5277,-2.066,3.0259,1.2607,2.6162,1.7065,2.6179,2.437,2.2255,3.0259,2.6824,-1.7651,1.5385,2.7416,0.75386,2.6162,2.1589,2.6733,-2.5084,2.6162,2.8058,2.7722,3.1196,-2.4446,-2.7051,-2.9313,2.1589,0.75386,2.7722,2.7591,-2.247,1.2607,2.2255,2.4723,2.4695,-1.6966,2.7401,2.6162,1.7065,-1.3357,-2.066,3.0259,-1.8823,2.7722,-2.4512,-2.4512,2.2255,2.7722,2.437,3.1368,-2.9313,-1.5657,2.2255,2.6466,2.7722,0.75386,2.7416,2.4723,2.8344,1.2607,2.1589,2.437,2.437,-2.7743,2.9539,1.2607,-1.8823,2.7722,2.6297,-1.5657,-2.746,2.437,2.7722,2.7722,1.2813,2.4723,-3.0162,2.4465,2.1589,-2.066,2.6179,2.2255,2.7722,-1.7651,-2.2012,2.7722,3.1196,2.5138,1.1506,2.4723,2.1589,2.1589,2.7401,-3.0425,1.2607,-1.3957,2.7722,2.7416,2.5939,2.4723,2.6733,-2.4512,2.8164,-2.7234,2.6466,1.5469,2.6466,2.1397,2.2255,-2.7323,2.6606,-2.0525,2.6466,2.1589,2.7401,2.7722
2.1742,3.091,0.34107,2.1742,-3.0269,2.4881,1.0578,1.5607,2.7626,1.9451,1.9996,1.6032,-1.6122,0.34107,3.091,2.3163,1.7291,1.0578,-3.0269,2.1742,-1.6122,2.7361,1.0578,2.4273,2.483,2.1909,1.9451,2.0292,2.0292,1.6032,2.4273,-3.0269,1.3489,1.9996,2.0292,1.7291,1.9996,1.6032,-1.6122,0.95144,-1.3803,1.9451,0.95144,2.7494,1.3489,-1.6122,2.8145,1.2484,2.7827,3.091,2.999,2.7494,1.3489,2.7494,3.1188,1.979,1.863,2.7827,3.091,1.0578,2.4881,1.1872,-2.6107,2.2159,1.5607,2.5704,2.7494,0.92864,1.1872,1.9996,3.07,2.4881,1.0578,0.34107,-2.3859,2.8689,0.95144,3.091,1.6099,2.7827,2.7494,1.1872,-3.0269,2.483,1.3489,1.9451,1.5607,0.34107,-1.6122,2.7494,2.7361,3.07,-1.6936,0.047359,2.1742,-1.6122,2.0292,1.5607,1.863,2.4881,1.3489,2.0842,2.3163,-1.6122,0.95144,1.9451,3.1188,0.95144,-1.6936,2.2159,3.091,0.95144,1.5607,-2.1435,2.1909,2.1742,1.9996,3.07,1.7291,2.3254,2.0524,2.2159,1.5607,1.1872,1.9451,1.5607,1.3489,-3.0269
1.4211,2.464,2.4308,2.3586,2.2191,2.4375,-2.3934,-2.8345,1.8099,2.428,0.15734,-2.1523,2.318,2.1237,-2.3934,1.5341,1.4211,0.15734,-2.1523,-2.1523,2.1246,2.9052,1.5341,1.3438,1.6989,2.2191,1.8099,1.8099,2.1246,1.3135,1.9322,2.3447,2.4658,2.3447,-1.6256,2.239,2.1745,1.8099,0.3472,0.15734,1.261,2.4308,1.4211,1.9322,2.4308,2.2191,2.1246,2.9052,-2.3934,1.9447,1.5341,2.2191,1.8099,2.428,1.9447,2.6943,1.9322,1.9831,2.4308,-2.1523,1.708,-2.3934,2.428,-2.3934,2.2191,2.1237,2.4773,1.9447,1.708,0.15734,2.1237,-0.78079,2.1745,1.5341,2.6943,2.9052,-2.5238,-2.3934,2.1237,1.9322,1.9062,-2.1523,1.5341,1.5341,2.915,2.1246,2.239,2.1237,2.8739,0.15734,-2.1523,2.9052,1.9831,2.3447,2.1121,1.4211,2.1246,1.9831,2.4308,-1.4661,1.8099,-2.1704,2.1237,2.2191,1.4211,1.9322,1.8099,2.1237,2.2191,2.239,2.1745,2.428,3.1056,1.9447,-1.4661,1.8099,2.0037,2.2191,2.2892,2.2191,1.6989,2.428,2.9052,1.9322,2.4129,2.2191,-2.3468,-2.1523
2.0431,2.1234,2.588,2.4288,3.0199,2.588,-3.1101,2.0431,2.5666,2.1684,2.0431,-1.1914,2.0431,1.6443,1.6443,-2.6528,2.1496,2.9044,2.0431,2.0907,2.5873,2.0907,2.1234,1.1694,2.1496,2.4276,2.588,2.1496,-2.4898,2.7339,-2.67,2.4983,1.8099,-3.0915,2.4276,1.9053,3.0007,2.5873,2.588,2.588,2.0431,2.1496,1.9218,2.328,2.0431,2.5666,-2.6528,2.337,-0.48593,2.328,2.588,2.6216,1.9982,2.1496,-1.1627,-0.72279,2.1684,2.4288,-3.1037,1.1694,2.1496,2.0907,1.8247,3.0306,2.5873,-2.6528,1.6197,2.0431,2.5873,1.9218,-3.0016,-2.5985,2.5873,1.6443,2.4278,2.4278,-2.6528,2.588,2.5435,3.0306,1.6443,2.588,3.0306,-2.6528,1.6443,2.4983,2.0431,2.588,2.5666,2.4276,-1.1914,-0.72279,2.588,2.1234,-2.2712,2.4288,-1.1914,2.588,2.0431,1.4448,-2.6528,-2.5985,2.1736,2.5873,2.9044,2.6202,2.5873,3.0199,2.4288,2.3939,2.0431,1.9049,3.0306,2.1496,1.6837,-2.6528,2.1496,1.4448,2.1787,2.1684,2.5873,1.8247,1.7467,1.6197,2.1787,-2.6528,2.5873,2.1684
2.9643,1.7803,2.6558,-1.7482,2.8659,-0.13404,2.6617,2.9416,2.8659,2.9643,-1.9534,-1.7482,2.6486,2.4361,1.7355,1.2713,2.8659,-3.0122,2.8966,2.6486,1.8604,2.4622,-1.6467,-2.4483,2.4686,2.6486,2.4686,3.041,2.9802,2.3517,1.485,2.4272,-0.51895,1.4273,2.6319,-3.0122,2.8659,3.1144,2.2166,-3.0122,2.6375,2.2166,-2.9018,-1.4471,2.191,1.7803,2.4516,2.6658,2.9802,-3.1187,2.9643,2.6658,-2.8036,2.191,2.9802,1.8689,2.7295,-3.0769,2.4622,1.7803,2.8659,2.6486,2.9008,-3.0122,-1.17,1.6059,1.4273,1.2713,2.191,-2.8874,-2.9018,-1.7482,-2.5744,2.9643,-3.1187,2.2166,-3.0769,2.202,2.7295,1.2713,-2.4483,-2.9018,2.4622,2.6486,2.1787,2.191,3.1144,-2.5744,-1.17,1.485,2.4622,2.4605,-2.8036,-0.21254,2.3517,1.8689,2.6558,-3.1187,-2.4483,-2.8036,2.6319,2.9643,-1.9534,-2.8874,1.2713,2.202,2.4686,1.4023,2.4272,2.1613,2.7859,2.6617,2.9802,-2.8874,-2.8874,2.4622,2.191,2.4605,1.8495,1.4273,-2.8874,2.4605,2.8659,2.7295,0.97354,3.1144,3.0589,2.6617
2.0298,2.8178,-2.9807,2.4345,-3.0529,2.5058,-2.5707,-2.2401,-2.4315,-3.1136,2.9706,2.7682,-2.2401,-2.9921,-3.0511,1.0385,-3.0529,-1.596,-2.711,-1.0428,-1.8507,2.9706,2.2241,2.886,-2.5252,2.6243,-3.1136,2.7682,2.2769,2.9706,1.4988,-2.4315,2.5058,-2.4663,-2.5707,1.0385,-2.9921,-2.2401,2.9682,-2.2401,2.7809,2.898,2.2769,2.4682,-3.0529,-1.7769,-2.2401,3.0621,-1.9876,2.1197,3.0532,-1.0428,3.0621,-3.1291,-3.0529,-2.9921,2.2241,2.1899,-2.2401,-1.8507,2.1197,2.2769,-2.5707,-3.1136,2.5742,1.4988,-2.4315,2.2241,2.7682,2.4345,-2.4315,0.29292,2.7682,1.0385,-2.2401,2.9706,2.9706,3.1126,1.4988,-2.2401,-3.0511,3.0386,-2.4315,1.4988,2.1197,1.2714,-2.711,2.2769,3.1126,3.0386,-1.3724,2.4345,2.6243,-1.0428,2.9682,3.0621,-3.0511,1.8093,-2.8513,2.9706,-2.9807,-2.5707,2.5585,-1.1341,2.7591,-1.8507,-1.0428,2.2241,-2.2401,-2.9921,-2.5252,-3.0529,-1.1341,2.2769,2.2769,2.6522,2.5058,2.9706,-1.0428,3.0386,2.3377,-2.711,-2.2401,2.1899,2.6243,2.7591,-3.0511,-2.5707
-2.9342,1.9485,1.4861,0.73846,0.73846,-3.1416,-2.159,0.085708,2.9539,0.085708,-0.97946,1.9485,2.233,-1.0121,-2.1428,1.3935,-2.1362,-1.7291,-2.1428,1.7887,2.8979,1.906,0.52602,2.5176,1.994,3.0254,-2.7481,0.03965,-2.3897,0.85522,2.0048,2.0048,-3.1416,-1.3448,2.4699,1.4824,1.3935,2.4451,-2.1603,1.6176,0.10658,-1.3448,2.4699,2.233,2.9993,2.9539,2.3444,2.8979,-2.8478,2.3444,3.1014,2.9993,2.7925,0.73846,2.4699,2.2822,2.2822,-2.159,-2.264,2.4699,0.83202,-2.6369,2.4699,1.4861,1.6051,-2.1428,0.12616,2.4699,-2.159,1.6176,0.85522,0.83202,-2.8744,0.085708,2.233,-2.1428,2.4699,0.73846,2.2822,2.0059,0.10658,-2.1362,-1.7885,-0.26395,2.8979,-2.8725,-3.1416,0.83202,-2.159,1.6176,0.085708,1.9485,0.52602,-2.159,0.73846,0.83202,-2.6847,-2.8478,2.2822,1.689,0.83202,0.085708,2.4699,-3.1416,-2.159,0.83202,-2.1362,0.83202,2.233,0.85522,2.2822,-0.26395,-2.264,1.6051,2.811,2.4699,0.085708,2.5176,2.9993,0.10658,-2.1428,-2.1428,-2.4981,2.2822,-1.3448,0.73846,1.9485,-2.1362
2.8494,2.0845,2.6711,1.9468,0.83749,0.49571,2.4179,2.5426,2.5818,0.80624,2.4179,-0.88228,-2.5709,0.80624,-2.2531,2.2233,1.7253,1.7496,2.4179,-1.6658,2.2233,-2.5265,0.80624,0.92345,0.45266,0.49571,3.1082,1.2096,2.4179,2.2233,-2.1728,2.0921,-2.5265,-2.5265,0.80624,0.83749,2.5431,0.71534,1.3242,-1.7929,1.5804,2.2945,2.5818,-0.88228,1.5078,-2.5265,0.80624,2.5426,2.4179,2.0845,0.068003,2.2233,0.80624,2.0921,1.469,0.53706,2.0585,1.4735,-1.7929,-1.1842,2.5818,-2.5265,-1.6733,1.4735,2.0585,1.5078,2.4179,2.4179,2.2233,-1.2682,-2.0921,-1.2682,1.2096,2.2233,1.7496,2.0585,2.0585,-2.1728,-1.7929,1.0535,1.469,2.5426,2.8494,0.49571,1.9468,1.9468,2.0585,1.3357,-1.2682,1.5078,1.5649,0.53706,2.8494,0.80624,-0.88228,2.2233,1.4735,1.0535,1.2096,2.4179,-1.2682,1.9066,-2.5265,2.5818,-2.6886,1.0345,0.53706,-2.984,0.3968,2.4179,2.2233,1.4735,-1.7929,-1.7929,2.5818,1.469,2.5832,-1.7023,2.2233,1.9468,1.5078,-0.88228,-1.2388,0.068003,-1.4551,1.9468,2.8494,0.80624
2.6122,2.8503,3.0502,2.8435,2.5565,2.3399,0.57575,3.1067,0.7118,-0.28956,2.1939,2.5565,2.173,1.1256,2.7881,-0.28956,2.3399,-2.8329,2.7881,-0.83586,-2.049,1.4303,2.2902,2.8503,3.0502,1.3189,0.41226,-0.4732,2.6122,1.7194,0.80209,1.7611,-2.049,0.21151,2.2622,1.4277,3.0502,1.1256,2.3089,0.051255,2.2902,-2.689,3.0502,2.7197,1.1256,1.3937,2.1686,-0.027163,1.1651,1.0332,2.0171,2.8173,1.1256,0.90832,2.3726,0.051255,0.54647,1.9412,2.173,1.6328,1.7611,2.2622,1.9444,1.9412,0.41226,0.45303,1.5224,0.21151,1.2329,3.1067,2.0171,0.7118,2.0171,0.75454,1.0319,1.8557,2.7654,0.90832,-2.6438,2.3726,2.9834,1.8557,-1.7042,2.4723,-1.6352,1.6328,-2.049,1.1256,1.8557,1.4303,-0.027163,2.173,0.21151,2.3089,2.173,1.1256,3.0502,2.2902,0.065076,2.5565,1.4303,1.3189,0.7118,0.57575,-0.83586,-2.6438,1.6328,2.0171,1.1256,0.75454,2.7654,1.5224,1.8557,-2.8266,1.9587,-0.83586,-2.8341,2.0171,-1.8693,0.66993,-1.602,-2.3885,-1.7042,-2.8329,2.0171,0.66993,1.9444,1.0319
1.0394,1.0394,1.4542,1.717,-0.26656,0.4448,-1.9589,0.95455,-0.79549,1.0394,-0.68679,0.95455,1.9057,0.17171,0.16325,-1.1585,2.4553,1.717,-1.1585,0.62843,0.95652,-2.7822,-0.85961,-1.9589,0.95455,-2.4004,2.1038,1.0394,-2.5515,1.4278,1.0394,-2.1704,0.95455,0.62843,0.63841,-2.3424,-0.79549,1.1685,1.1597,0.59437,0.94521,0.63003,0.94521,0.59437,2.4636,-2.1704,1.9802,0.59437,2.3394,0.95455,-1.2023,2.512,-0.68679,0.95455,-0.26656,2.8653,1.3264,-2.94,1.5833,1.0394,0.62843,-2.6042,0.63003,2.1456,0.95455,2.8837,-0.68679,0.59437,-0.52777,-0.79549,0.95455,0.95455,-0.68679,2.0746,1.2926,2.2023,-0.76423,2.0688,-1.1585,0.59437,0.17171,-1.8086,-2.4004,-2.165,0.87086,2.4636,2.0688,0.63003,0.16325,1.5833,0.95455,0.5463,0.62843,0.46401,0.62843,1.9802,2.0688,0.95455,3.0638,-0.76732,1.5833,0.87086,-2.94,1.6641,0.95455,0.63003,-1.1585,0.16325,1.1685,0.59437,-0.90698,-0.85961,2.4636,-0.78814,0.94521,0.62843,-2.9958,-3.0213,-1.8086,0.94521,2.2824,-2.2567,-2.2567,-0.66255,1.0394,2.512,2.0688,2.8653
0.4419,0.4419,1.1577,1.9391,-2.0876,-1.394,2.0159,-2.5586,0.4419,-0.073385,0.48573,0.4419,2.7682,-1.471,0.73947,-0.44541,3.0199,0.35252,2.7682,0.73947,1.6013,-1.7299,2.1801,0.92699,0.4419,2.7682,-0.75346,0.82674,-0.019248,0.24393,-1.8839,-2.1238,-0.99242,-0.060018,0.4419,1.4376,2.0159,0.4419,1.6013,-2.5586,1.8303,1.6223,0.81158,2.1801,1.9249,-2.1238,2.7682,1.6013,-2.1238,0.4419,0.4419,-0.073385,0.81158,0.0067446,-2.3704,0.81158,1.6223,-2.3704,-1.7541,2.7769,0.4419,0.31906,1.6013,0.73947,2.6817,0.35252,2.0159,2.1801,0.9002,-2.5586,2.945,1.1577,2.1801,1.3604,2.1801,0.4419,2.1801,-1.0353,2.4264,-2.3704,-2.1238,0.83522,0.0067446,0.81158,-1.471,0.43004,-0.073385,2.1801,1.4119,0.35252,0.73947,0.48573,1.6223,0.35252,1.4376,0.0067446,-2.3704,1.6418,2.7682,2.4264,-1.8839,0.73947,0.92699,0.35252,0.57078,1.6168,-2.8011,2.0265,0.4419,2.4264,-0.073385,0.73947,-0.891,0.4419,-0.073385,1.6013,2.0159,0.0067446,-2.0876,0.35252,1.3604,0.92699,1.6223,0.92699,1.6223,0.48573,1.6013,0.92699
2.6426,-0.68718,-1.1981,2.1544,-0.41539,0.71755,1.5383,-2.4971,0.13925,0.78572,-2.2394,1.9435,2.6465,-2.8571,1.5383,2.0898,-1.0713,0.43387,-1.2347,1.5398,0.82828,1.0412,0.019992,-0.1258,2.6426,1.3028,1.4927,1.5467,2.1252,1.2795,0.11156,2.6426,1.2309,0.7339,-0.51356,1.7852,0.45585,-1.0713,0.13925,3.0126,2.9453,0.74912,-0.51356,-0.14992,0.7339,2.0898,2.6426,0.7339,-0.41539,0.74637,2.1544,-0.14992,-0.15774,-0.51356,-2.9362,2.1547,2.4272,-0.41539,0.74637,1.3686,-0.51356,-1.0713,0.68907,-2.7045,-0.41539,-0.41539,0.13925,2.9453,2.9453,1.4927,0.019992,-2.8571,1.3159,2.9453,1.1291,-0.51356,-0.68718,-0.16078,1.3159,0.019992,1.7852,2.1544,1.5467,1.5467,-0.51356,0.26861,0.43387,2.4272,1.2309,1.5383,-1.0713,2.6465,2.6426,0.45585,-1.7407,1.7852,-1.4977,0.82828,-0.60662,0.82828,-1.0713,1.2795,2.1544,-0.51356,-0.51356,2.1547,0.74912,1.7852,2.1544,2.6592,0.65882,2.9453,1.9435,1.3686,0.43387,1.2795,0.45585,0.71755,-0.68718,0.71755,-1.4977,-2.7045,2.9453,-0.51356,1.8806,2.1252,0.13925,1.4703
-2.797,-1.5538,1.061,-3.1096,2.6279,2.5781,2.2627,3.1039,0.20575,-0.99054,1.6979,1.1913,-1.9259,-2.634,0.40113,2.8959,-1.1165,0.10473,-1.1843,-2.634,0.64938,0.64938,-3.1096,-1.1165,-0.27688,-0.56484,-1.1165,2.2627,0.8785,-0.83364,1.0282,-0.041319,-1.1843,1.5232,1.5756,0.20575,-1.3505,-0.5884,-1.6222,-0.28096,0.36531,1.5232,0.91313,-3.1096,2.6279,2.5781,3.1039,1.061,1.5751,-0.15118,-1.1165,2.6279,-0.27688,0.40113,-2.634,-1.1165,1.5232,0.64938,-0.15118,-1.1165,-0.70973,-3.0584,0.44928,-2.714,3.1039,2.6279,0.34078,1.2924,-3.0584,0.89771,0.091411,3.1039,-3.1096,1.2058,-0.041319,1.2205,-0.48513,1.5675,-0.99054,-1.3079,-1.1523,-1.7619,-0.5884,-1.5083,-0.041319,-0.5884,0.5815,1.5756,-0.83364,0.40113,0.73519,0.36531,0.40113,1.6979,-3.1096,0.5815,1.2924,0.89771,-0.057469,1.5676,1.061,2.6279,-0.27688,1.061,-0.99054,1.5751,-1.8777,1.061,1.2058,0.60803,-0.48513,2.2627,0.44597,2.433,-0.27688,-1.1843,-2.797,2.8558,1.1944,1.3326,-2.634,2.4992,2.6279,0.7123,-2.634,2.2627,-1.1843,-1.3505
1.5832,0.67406,-1.9564,0.73591,-1.6359,2.8525,0.10617,1.1348,1.883,0.73711,-2.1884,-0.19296,2.9289,1.2937,1.5832,0.99237,1.2103,-3.1198,0.48951,0.99237,-3.0547,-1.7909,-1.8272,0.63409,-1.1171,0.18658,0.67178,-2.5177,-2.095,1.2846,-0.02982,2.1524,3.1332,1.0266,0.63409,1.1802,1.2103,-0.43595,-1.1171,2.9289,0.67178,1.0266,1.1348,-2.095,-0.19063,2.0046,2.912,-0.99368,-3.0622,-0.99298,0.63409,0.35941,1.1348,0.67178,-1.1491,0.18658,1.0266,-0.47653,-2.095,-1.6826,-0.02982,2.3442,-0.26034,1.0266,-1.9368,-0.74667,-0.19063,-1.3949,0.48951,0.085919,0.51532,0.18658,0.66707,-1.7909,0.66707,-1.8272,1.883,0.10617,1.883,2.912,-1.1171,2.912,0.73591,0.70044,0.18658,2.912,1.0266,2.912,0.35941,-0.19063,-0.74667,0.99237,0.66707,3.0753,1.1802,0.67178,1.1348,2.912,-1.6152,1.0598,1.09,-2.5177,1.0266,-3.0622,0.66707,0.67178,-1.7909,0.19632,2.5305,-0.19296,2.1831,1.0266,0.18658,-1.7909,2.912,0.10617,-3.1198,-2.1884,-0.0012669,0.19632,-1.213,-1.7909,0.10617,0.19632,-1.9564,-2.406,0.67178,1.0266
-1.8364,0.32921,-0.38651,0.63203,0.56165,1.7568,0.39722,0.94195,-0.22482,0.39722,0.11358,2.6324,1.2806,0.79407,3.1189,0.79407,0.70088,-1.8364,0.95735,0.95735,1.401,1.5205,-2.3295,1.1359,0.94195,-1.1179,0.63203,-1.1179,0.63203,1.1395,1.322,0.59724,-0.73643,0.79407,0.94195,0.76349,0.63203,0.10516,1.075,2.6324,1.7568,0.32921,1.2806,0.11358,-0.73705,0.32921,0.32921,1.075,-0.3011,1.7162,0.63203,1.2056,1.075,0.63203,0.20864,1.075,0.39747,1.7568,0.14681,0.79407,-1.1179,0.94195,1.5205,-0.45573,0.96624,-0.3011,0.21275,0.20864,1.1359,0.20864,0.11358,0.20864,0.10516,0.94195,2.1007,0.20864,2.4197,0.31779,-1.8364,1.0218,0.56165,1.401,0.56165,-1.8364,1.0069,1.1359,1.7162,-1.9312,0.75619,1.2056,1.2806,0.39747,0.32921,-0.73705,1.2194,0.63203,2.4197,0.96624,0.56165,0.88381,0.21275,0.56165,0.88381,0.59724,-0.25905,-1.9312,-1.8364,0.39747,0.32921,-0.053025,1.0218,0.95288,2.1007,0.32921,2.1007,0.32921,1.0218,1.4031,1.1395,0.31779,0.63203,-1.8364,0.79407,-2.8153,0.94195,1.075,0.96624,-0.74024
2.4352,1.0322,1.5147,2.1284,1.5147,0.58263,1.8052,1.8115,1.5594,1.1045,-0.62628,1.1045,0.91838,0.32969,0.58263,-1.9533,-0.38977,0.8312,-0.38977,0.64535,0.50022,0.5022,2.1599,-0.6944,-0.38977,1.4841,1.2801,0.92504,1.5594,1.356,0.39511,2.1599,2.1599,-0.45492,0.74694,0.91838,1.6594,1.4841,2.7188,0.32969,0.033149,2.1599,2.1599,-0.38977,-0.53416,-0.38153,-1.9712,2.7188,2.1599,0.9752,-0.18918,0.37313,1.8052,0.82435,0.03425,1.5594,-0.18918,-1.5504,-0.20825,1.2938,2.7188,-0.38153,2.1599,0.11038,0.82435,0.82435,1.854,-0.18918,-0.62628,2.1599,2.1956,0.50022,-0.38153,0.33604,0.32969,2.6961,0.64535,2.1599,0.74694,0.82435,2.1599,-0.00933,0.37313,2.7188,0.33604,0.58263,0.37313,1.8052,2.1599,1.316,0.5022,2.1599,0.74694,1.8115,-0.00933,2.1599,1.356,1.6594,1.8115,0.097204,2.932,0.82435,1.854,-2.1652,0.047354,0.5022,0.32969,0.5022,-1.7945,2.6961,1.1045,-0.62628,-0.53416,0.50022,1.8052,-0.62628,2.1599,0.80715,2.4127,1.8052,2.1599,0.8312,0.28245,1.6594,-0.38977,1.6594,1.2938,0.39511
-2.1489,-2.1489,1.6469,-2.1047,-0.11778,1.5742,-0.11778,1.6469,-0.11778,1.5742,2.4686,1.704,2.4686,1.8765,1.6415,2.534,-1.2275,1.8765,1.704,-2.4031,2.4686,-1.2275,2.43,-1.2275,2.3048,-1.2275,1.704,2.534,1.067,2.622,1.5742,-1.2275,2.1214,-1.2275,1.7637,1.704,-2.1489,2.534,1.704,-2.1047,2.4686,1.2878,2.4686,-1.2275,-0.11778,2.9706,2.7067,2.4686,-1.2275,2.7067,2.4686,-2.4031,2.43,1.6469,2.534,0.6428,2.534,2.534,-0.31615,1.4973,2.534,1.704,1.704,-0.11778,2.534,1.4973,2.534,1.6469,2.534,1.5811,-2.5491,1.704,-2.1489,1.704,2.7067,1.9081,1.067,0.39796,1.2878,-2.9846,1.6469,2.4686,1.704,1.704,-2.1489,-1.2275,1.7973,2.4686,1.5742,0.88501,0.053473,2.1454,-2.4031,-2.1489,2.279,1.6469,-2.1047,-0.11778,1.704,1.666,-2.4031,1.0283,2.4686,1.7063,-2.1489,-2.1489,1.8351,1.0434,0.78648,1.6469,-0.11778,2.534,1.2497,-1.2275,1.7973,-2.4031,1.6469,2.534,2.534,1.6469,2.43,2.43,-2.1489,-2.1047,2.7067,2.4686,-1.2275,-1.575
2.485,2.3223,3.1155,2.0931,0.99548,-2.7023,3.0266,2.1599,2.1466,1.72,-2.7023,2.485,2.1599,0.67209,1.3506,-0.75304,2.7928,-2.592,1.41,2.3428,1.805,2.3223,2.485,2.3223,1.3506,-1.8134,-2.7023,2.7928,-2.9368,2.1599,-0.20403,-2.1253,-2.2868,-2.0864,2.1957,1.8633,3.0942,1.6713,2.1599,1.8051,1.8351,1.8051,3.1155,1.215,1.3506,-2.592,2.7318,2.485,3.0416,-1.8351,0.99548,2.485,-0.93178,2.1957,2.1599,-1.8351,0.37025,-0.69216,1.41,0.25783,2.648,1.1698,1.0082,1.41,-1.2003,1.3505,3.1274,2.3428,2.7928,1.1698,2.1599,2.7318,0.73951,0.37025,-2.5503,1.41,-2.9368,-0.33317,1.1698,-2.5211,-2.7023,2.1599,1.1698,-0.20403,2.6742,0.67209,0.37025,1.72,-2.7023,2.0611,2.2147,3.1274,0.99548,2.7928,1.8633,-0.33317,2.0611,1.41,0.73951,2.6068,-1.8134,2.4861,0.63062,1.805,2.1793,1.6316,2.2878,1.6316,1.72,2.5787,1.2775,0.15295,1.8633,0.31555,2.1599,1.41,-2.7023,2.6742,1.8351,1.72,1.5197,2.1957,-2.7023,2.0611,1.805,2.0931,-2.7023,2.1957
-1.6018,2.0617,-1.3126,0.50926,1.8382,-3.0412,-2.7329,2.01,0.012467,1.0595,-2.9058,-1.0002,-1.0002,1.9908,-2.2247,-1.6018,0.95184,-2.7329,0.95184,2.9653,-1.3126,1.7821,-2.9522,1.3041,-2.2247,2.728,0.66936,1.2352,2.9653,-2.9039,1.5614,-0.010535,-2.2247,2.4886,-0.23458,0.1819,-0.23458,1.0618,-2.9058,2.634,-2.2247,0.95184,-1.0002,1.0618,2.634,-1.3126,-2.9522,1.0033,2.4992,1.3041,1.8382,-2.9039,1.0412,-0.54554,-2.9058,-1.6018,0.1819,-1.3409,-2.9039,-1.6018,2.8989,0.40857,-2.7329,-0.010535,2.7763,2.01,-1.6018,-2.9522,2.7315,2.9813,1.0412,2.9653,-1.6018,-1.0002,2.7763,-2.2247,-2.9522,1.8382,-2.9058,-0.13322,2.7763,1.0033,3.0041,1.0618,-2.3072,-2.9039,-2.3072,1.0618,1.8284,2.9653,1.438,2.1255,2.8989,1.3041,-0.54554,2.7763,-2.8971,2.2876,-1.6018,-0.44481,-2.8971,2.2876,-0.44481,2.634,-1.6018,1.7821,-0.52618,0.1819,-1.3409,0.31469,-2.3072,-2.7329,-2.8971,-2.2247,1.8382,-2.9058,2.2876,2.8989,2.2876,2.634,-2.9058,-2.9058,0.40857,1.56,1.2567,0.087874,2.634,-2.8154
-1.1908,0.26009,0.78848,1.902,1.8499,-2.6082,2.1462,1.0565,2.5621,1.0565,0.81171,0.53684,-2.783,-2.9543,-2.9144,2.8622,3.0141,-2.9543,-0.18965,-2.9144,-3.0863,-2.6082,-0.86415,-1.3209,-2.1666,0.2403,-2.4762,-2.6082,0.81171,3.0141,-2.9543,-2.5302,1.902,-2.6729,-0.86415,-0.18965,-2.5302,-2.1666,1.8607,2.2068,-1.1908,2.8023,2.9179,-0.65382,-0.43886,0.81171,1.8008,-1.7043,-2.1601,-2.2075,-3.1281,-3.1281,-2.011,1.902,3.1171,-2.5302,-2.3858,-1.7926,-2.011,-2.5302,-2.6082,-2.3858,2.8023,-1.4671,0.28729,3.0141,2.8023,0.2403,-2.5302,1.902,2.1462,-0.49937,-2.7989,0.81171,1.8054,-2.5441,2.5914,3.0141,1.6284,-1.1908,2.579,-2.5302,-1.4671,2.1462,2.8622,-2.5441,1.8607,2.1462,1.902,-2.0751,-2.6082,3.0141,2.5356,3.1171,2.2826,3.0141,2.1462,1.6284,1.683,-2.5302,0.59488,-2.4178,-2.2075,-2.5302,1.9215,0.2403,3.0141,0.12504,2.8023,1.6284,-2.1098,-2.4762,-2.1302,-1.7926,0.53684,1.683,-2.6082,-0.65382,0.85499,-0.35999,-2.1601,-1.4612,2.1462,2.5621,1.6284,0.89725,3.1171,0.78848
-1.3702,-0.66525,-2.1664,-0.028121,-1.4461,-1.9475,-1.9541,-0.72809,-0.028121,-0.36635,-2.2656,0.48675,-2.9933,2.5886,-3.0154,-0.36635,1.6213,1.9797,-0.07484,-3.0367,2.5886,0.48675,-0.36852,-0.79466,1.2821,3.0356,-2.5487,2.3125,0.24964,-1.9992,-2.6323,1.2821,-0.91902,-2.5487,2.2376,-2.4381,0.24964,0.24964,0.48675,1.4728,1.3536,-2.9339,0.48675,-2.884,-2.2844,-0.07484,-1.3702,2.1848,0.48675,0.24964,1.3536,-0.72809,-0.72809,-2.0925,0.24964,-0.79466,2.3125,2.1848,0.24964,2.8589,-0.36635,-2.3542,-0.70187,-0.72809,-0.79466,-0.07484,-0.36635,2.3125,-2.2656,-0.66525,2.1712,0.24964,1.6597,-2.2471,-1.9475,0.94165,-0.72809,-1.9475,-1.3702,1.4728,1.6363,-0.07484,1.4728,0.18574,1.6597,0.94165,1.6597,2.2376,-0.66525,2.5571,-0.72809,1.9797,-2.5487,1.4728,-0.66525,-2.0925,-2.5487,-2.5487,-0.79437,2.6066,1.6213,-2.884,-2.6714,-0.028121,-1.9992,1.6213,-0.79437,-0.028121,1.2722,1.9797,-2.2844,-1.3702,1.4728,-1.3702,-0.79466,1.3536,-0.07484,-0.66525,-0.028121,1.2722,0.18574,-0.36635,-2.5487,-0.79466,-1.3702,-2.2844,-3.0367,-2.2656
0.66186,0.92806,0.12697,-2.4652,1.0585,1.0585,0.87784,0.93324,-0.2227,-1.9542,0.95092,0.37184,-0.65709,1.3307,-0.81819,-0.21139,0.92806,-2.3614,0.12697,-2.3614,1.3307,-1.2616,0.12697,-2.3917,0.95092,0.37184,-0.41076,1.3307,0.12697,-0.1791,0.88544,-0.1791,0.12697,1.3307,0.37184,-0.41076,-1.1398,-2.1279,-0.34862,1.1041,0.92806,1.3307,0.95092,0.37184,2.5193,-0.2227,-0.2227,-0.1791,0.66186,1.3744,1.4552,0.95092,0.14017,-0.34862,-0.1791,0.66186,1.3307,1.1041,0.3167,0.84339,0.12697,-0.1791,2.1159,2.5193,0.16939,-0.34862,-0.65709,-1.9542,-0.25483,0.92806,2.9537,0.84339,1.1041,0.95092,0.92806,-0.25481,0.92806,0.51923,0.92806,2.9537,0.92806,-0.58238,0.66186,2.5193,-0.2227,-0.2227,0.92806,2.9537,1.3307,0.69237,0.95092,-1.7901,2.9537,2.9537,-0.58238,0.12697,-1.7277,-0.34862,1.3307,0.92806,-0.2227,2.9537,0.66186,0.92806,0.92806,2.9537,0.92806,1.0585,-0.2227,-0.25483,0.12697,0.14017,2.9537,-0.1791,0.49893,-0.2227,0.92806,1.3307,-0.81819,0.66186,1.3307,2.9537,-0.25483,2.5193,0.92806,0.95092,2.9537,0.14017
2.1523,0.38726,1.6282,3.1374,-2.0356,-2.0356,-2.0356,1.5609,1.4068,0.24755,2.1523,1.6282,0.67341,0.98076,1.468,-2.0356,-1.1372,1.9591,-2.7559,-0.20832,1.6282,-1.1372,0.24755,1.2148,1.229,1.2148,1.6095,-0.49969,-0.85885,1.4068,-2.9925,-2.8491,0.24755,1.2148,0.82875,1.468,0.50309,-0.52881,1.9591,-1.1372,0.50309,0.9123,2.7997,1.5609,1.2148,1.9591,2.1087,0.67341,-2.0356,1.229,1.2148,-0.52881,-2.7423,1.9591,-1.1372,0.38726,-0.49969,0.50309,1.468,-1.0147,0.53581,-2.4798,-2.0356,-0.11039,1.2335,1.6282,2.3435,0.9123,1.229,0.82875,-1.1372,-2.9358,2.4179,0.50309,0.17089,2.1523,-1.0862,0.98076,2.3435,-1.1372,0.38726,-0.85885,0.24755,1.3509,0.17089,1.2148,-2.0356,2.9319,-2.0356,1.5609,1.6282,2.1523,-1.1372,0.79962,-0.20832,1.1077,2.2535,-0.5902,0.17089,-2.0356,0.17089,0.79962,1.1077,1.6282,1.229,0.36485,1.2148,0.24755,1.468,1.4068,-1.1372,-2.4506,1.6095,2.3435,1.229,-0.52881,0.64972,0.24755,1.229,0.50309,1.1944,0.39368,-2.8491,-2.0356,-0.85885,-1.0147,-1.8623,-1.1372
-0.21594,-1.2858,1.9414,-0.85352,-0.51464,0.39109,-2.4348,-2.9371,1.2513,-0.88542,-0.68046,-2.4348,-1.9773,2.2973,0.54141,1.3747,-0.76552,-0.81039,-0.23687,2.027,-0.018529,0.31579,-2.3743,1.9472,2.1779,0.82459,0.75183,-2.4348,-0.51464,-2.9371,1.9414,2.027,2.2973,1.3682,1.7102,0.39109,-2.6884,-1.2858,-0.0047559,-2.749,0.94108,1.9414,0.75183,2.1779,0.83527,0.81326,1.3775,0.81326,-1.1518,-0.68046,-0.21594,0.83527,-1.1518,-0.21594,2.1779,-0.43588,-0.174,1.9414,-0.43588,2.1985,-0.144,-1.1518,-0.9121,0.82459,-2.749,1.3518,-0.0047559,0.39109,1.9472,-2.9281,-0.43588,-3.0496,-0.51464,-3.0496,-2.7496,-2.152,-0.63514,-2.749,-0.33614,0.31579,0.81326,-1.9149,0.54141,-0.23687,-0.63514,-0.144,-0.23687,-0.23687,-2.4348,1.4154,1.3682,1.8632,-2.4348,1.8632,0.78255,-0.23952,-1.857,2.4272,-1.1104,-0.4319,-0.144,-0.43588,-2.9281,0.94108,0.43394,0.81326,-2.7496,0.32462,-0.4443,0.39109,2.121,-1.9773,-0.21594,1.2513,-0.0047559,-1.0732,-2.4348,2.852,1.4154,-0.21594,1.4154,2.2973,-1.8338,-0.174,-0.88542,0.24021,1.9472,-2.9371
2.2299,-0.25027,-1.0611,0.81291,-1.7298,0.274,-0.94916,-2.0607,-2.0607,0.12302,-0.25027,-0.14966,-1.7298,-0.30402,-0.25027,0.81291,2.9058,-0.99863,0.27614,1.5678,0.39108,-1.7298,0.81016,1.4533,0.27614,-0.35599,-2.0712,0.3085,-0.51812,1.1227,2.2299,1.1227,-1.7298,-1.7298,0.12302,1.1227,2.9058,-1.7298,-0.9885,2.4225,0.27614,1.2506,0.4524,-2.9379,-0.32565,2.9109,-1.7298,-1.0787,2.9953,0.047976,-1.2633,2.9109,2.642,-0.32565,0.3085,0.81291,0.12302,-0.85392,2.3423,2.9953,2.9953,-1.7298,2.3423,-2.648,-0.27008,2.9058,-0.99863,0.97339,0.74422,0.3085,0.81291,-0.14966,-0.35599,-0.99863,-0.99863,-0.94916,1.1227,1.2773,2.9058,1.1227,0.81016,-1.7298,2.3423,-0.30402,2.8685,0.27614,-1.7298,-0.32565,-0.85392,2.9109,2.3423,2.3423,-2.5299,-1.2633,-0.25027,-1.7298,1.0346,2.0077,-1.2633,-2.9379,-0.25027,-0.99863,-0.43287,-0.9885,-0.25027,0.3085,2.2299,-1.7744,-0.35599,-1.2633,0.3085,-3.1249,0.81016,0.27614,-2.5299,0.27614,-0.94916,0.28428,0.89837,2.9058,0.74422,0.3085,2.642,0.27614,-0.25027,2.9058,2.9058,0.28428
-2.4967,1.9239,-1.3773,-1.0129,-0.030575,3.0547,0.36833,2.9496,-1.0129,2.3305,-1.2146,-1.6051,-1.5143,-0.54622,-0.33269,1.5924,-1.5143,-1.5143,0.36833,-1.6051,-2.7285,-2.1452,1.044,-2.2059,1.9239,-3.0924,-0.35559,-1.2146,-1.2481,-0.58175,-1.0129,-2.7285,1.5924,1.0906,-2.5995,0.00022246,3.0268,1.5924,-1.1331,-1.2382,2.1189,1.825,0.43009,0.36833,-3.0874,0.38472,-1.6492,0.46801,-0.54622,-1.2146,0.2468,-0.33269,0.00022246,1.8051,-1.2359,1.5924,-0.90235,2.3305,0.11119,1.0906,0.43009,-0.33269,-1.0129,-2.1452,-2.229,-0.54622,-1.1957,-0.54622,-1.3773,-1.0129,0.38472,-3.024,-1.2146,2.8288,-1.0129,1.5924,0.00022246,-2.1452,0.11119,0.00022246,-3.0924,-1.2146,-2.1452,-2.4967,0.59237,-0.067921,-0.3478,3.0257,-1.1957,1.0802,-2.7041,-2.171,1.0906,-2.4967,-0.3478,-2.1452,-1.4053,-1.1957,-1.6051,-0.73388,-0.54622,-2.4967,1.0906,1.0906,0.11119,-1.5143,-0.54622,-1.2857,-0.90235,-1.5143,1.5924,1.5924,-2.4967,-0.54622,-0.54622,1.5924,-1.0948,-2.1452,-1.2481,-1.0129,2.1189,-3.024,1.9239,0.11119,-1.5143,-1.6051,1.5924,-2.7041
0.72667,1.1324,1.3765,-1.6594,-0.46923,-0.34946,1.1893,-0.052259,1.5305,-2.0386,-2.9303,1.1782,-0.34946,0.23907,-0.74805,-0.93688,-0.5595,-0.39894,0.27054,0.45009,0.52422,-0.39894,-0.24199,1.1324,3.0753,-0.2674,0.52422,0.45009,-1.4874,-1.0527,0.087167,1.1782,0.23907,-2.7271,-0.39894,0.72667,-0.24199,0.58468,-2.9685,-0.2674,0.23907,0.52422,0.23907,-0.2674,1.5305,-0.53269,1.3765,-0.1393,-2.8831,2.1288,-0.78159,-0.064505,-1.3551,1.1893,-1.1166,-0.34946,1.1591,0.88571,2.9938,-1.6594,0.88571,-1.4495,-0.84382,0.52422,-2.9303,1.5305,-1.3551,1.1873,2.467,1.5305,1.1324,-0.46923,-0.24199,1.9769,-2.0386,1.1893,1.9225,1.1324,-1.4874,-2.0386,0.52422,0.42883,-1.6594,-2.191,-2.0386,1.3765,-1.1815,1.5305,-1.2053,-1.8403,-2.2522,-1.0527,-1.6594,-2.6571,-2.1303,-3.0947,-1.6594,1.9769,-2.0386,1.6851,-1.4732,-0.064505,-2.5049,1.1873,1.9769,2.6328,-1.4732,-1.1231,1.9005,0.64615,0.23907,1.1324,-1.4732,0.45009,-2.6571,-1.6218,-0.1393,-0.46248,1.1324,2.467,-0.064505,-2.6571,-1.4874,-2.1303,2.1288,0.93599,1.9225,2.6328
1.0819,2.0916,0.66328,2.1109,-0.35734,1.3312,-2.8405,-1.6085,0.1918,-0.43779,1.0819,1.4333,2.1815,1.0819,0.79787,0.1918,-0.79312,-0.014948,0.45081,0.36896,-0.14538,0.66328,0.38423,2.5191,1.0016,0.1918,-1.6344,0.24857,-1.6085,-0.014948,0.66944,-0.064712,0.66944,0.66944,0.66944,-0.064712,0.66944,0.66944,0.63759,1.3312,0.1918,-0.064712,-0.79312,1.3312,0.6206,-1.6344,-1.6085,0.99573,1.0398,0.41665,-1.3673,-0.14538,0.035613,2.37,-2.8405,-2.8405,0.62009,0.19366,0.14502,2.5191,2.5191,2.3358,0.6206,-0.77106,-2.8405,-0.20865,0.6206,0.6206,-0.6554,2.0916,0.14502,-0.77106,0.42914,2.1815,0.36896,0.24857,0.24857,-0.6554,2.3088,0.36896,1.5457,0.45081,-1.6344,1.9097,-2.3537,-2.3537,2.37,1.5457,0.24857,-1.6444,-1.6344,-0.20865,0.1918,-0.014948,-1.6444,0.035613,2.0916,2.0916,0.45081,-1.6444,0.79877,-0.49988,-0.43779,0.33445,1.2142,-1.6344,1.0819,0.1918,0.36896,0.36896,0.45081,0.33445,2.2411,0.99447,1.5457,-2.3273,-0.77106,0.6206,-0.14538,2.7382,2.5191,-2.2373,1.4333,-0.79312,-1.1409,0.99447,-0.79312,1.4333
-0.20146,-0.77239,0.67763,0.89524,-0.52839,-2.5651,2.2863,0.4577,-2.6163,1.1757,0.48451,0.48791,-0.20146,0.4577,-2.0742,-0.60438,0.49414,-2.5651,-0.20146,0.45796,0.19155,0.022272,0.43539,0.49414,0.4577,1.675,2.5978,1.2002,0.50195,0.4577,2.8755,-0.20146,-2.0742,0.022272,-1.6188,0.62467,1.2406,-0.28446,1.5546,-1.1702,-2.6347,-1.7935,-0.20146,0.050412,1.9728,-1.7124,-0.79068,-2.8685,-2.6163,-0.77239,-0.51265,-1.1702,0.62467,-0.19572,0.49414,-2.6163,0.90605,-0.070034,-2.6163,-2.8685,-0.070034,1.0161,0.56639,-0.51265,0.89524,-2.6347,-0.71505,-2.6163,-1.6312,0.56639,1.5546,0.50195,-2.5044,-1.1774,-0.20146,0.49414,-0.20146,-1.6312,-0.51265,0.62467,-0.23533,-1.7771,-0.91085,0.48451,0.050412,-2.3574,0.45796,1.2094,-0.19572,0.14818,0.14818,-0.92343,-2.3574,-0.19572,-1.6188,-0.91085,-0.77239,-1.9916,-1.7454,-0.52839,-2.5044,-1.7124,1.1757,-2.8685,-0.91085,1.1757,2.3147,-0.96002,-1.6312,-0.91085,0.43539,-1.1774,-1.7771,-0.91085,0.49414,-0.19572,2.6322,2.8755,-2.8685,-1.9916,-0.28446,-0.19572,-1.7124,-1.7935,0.19155,-1.6312,-0.070034,1.6939
-2.4275,0.39809,-2.9975,-2.0959,-0.45879,-2.2166,-2.0959,-0.46349,-2.0959,-3.1348,-1.8689,-0.46349,-1.3602,-1.6915,1.4184,1.9642,-2.0834,-0.78356,1.7267,-0.24806,-1.0658,2.238,0.44796,-0.35242,-2.0834,-1.6915,-0.41142,-2.4275,0.55962,0.53668,1.852,-1.0658,0.15547,-2.0959,-2.2166,-1.6414,-2.2423,-2.2577,-0.76892,-2.4275,1.9716,2.238,-3.1348,-0.22413,-2.2166,-0.22413,-0.41619,-0.41142,-0.46349,-1.8169,-1.8169,-0.94422,-2.4275,-0.41619,-0.22413,0.43658,-2.2652,-2.8105,-1.0658,1.4184,-3.032,-1.6915,-3.1348,-2.2652,-2.2577,-0.41619,0.53668,-2.9975,1.9188,-2.8228,1.4184,-0.41142,-1.8689,-0.67791,-2.2577,-3.1348,-0.76892,-2.4275,-3.032,-0.35242,0.27924,-1.0487,-1.3654,1.4184,-1.6414,1.9642,-0.76892,-1.222,-0.94422,1.9716,1.4184,-1.8169,-1.6915,-2.8228,-0.78356,-1.6414,-0.76892,-3.1348,-2.2166,-0.57084,-2.2577,-0.41619,-1.0658,-2.4275,-0.41142,-2.2423,-2.4275,-2.4275,-2.8228,-0.74674,-1.3499,-2.7675,-1.9089,1.5629,0.53668,-0.41619,-3.032,2.8172,-2.2652,1.1384,-1.3602,-3.032,-2.2423,-1.1318,2.238,-0.41142,-1.3499,-1.6414
-0.68192,0.60915,1.7892,-2.859,1.8995,2.4585,-0.45304,1.8995,-0.34178,-2.859,-0.78214,0.41225,-1.4407,-1.4407,2.1471,-2.3036,2.5573,-1.2055,1.7837,-2.859,-0.76054,1.7892,1.3507,2.1471,-2.859,0.37388,-0.78214,-0.37397,-0.78214,-1.2055,-0.92806,-1.2055,0.27856,0.37388,0.62933,-2.3036,1.8995,-1.8497,-0.34178,-1.4448,2.1471,-0.83992,-1.4448,-0.68192,1.3507,-0.58409,-1.2055,-2.859,1.7837,-0.45304,1.7892,1.3507,2.5573,-0.69091,-1.654,-1.7517,-0.68192,1.8995,1.1501,2.5573,-0.83992,1.7892,1.8995,-2.3036,-1.4135,2.8178,-1.2055,-0.58409,1.8995,-0.85503,-0.58409,-0.69091,-0.11492,-1.654,0.41225,-0.69091,-0.58409,-0.11492,-0.34178,-0.68192,1.8995,-0.81429,-0.83992,1.8995,-1.0404,-1.4224,1.8995,0.27856,-1.4407,-2.4619,1.7892,0.37388,-1.4448,-0.85503,-1.1324,-0.073411,1.7892,-2.3036,1.3507,-2.4619,-1.654,1.8995,-1.654,-1.4407,2.1471,1.3453,-2.5502,-1.0404,-0.68192,-1.4448,-1.4224,2.8178,1.7892,-1.2055,-1.2055,1.3507,-1.2055,-1.2055,-0.34178,-1.654,1.3507,1.7892,-1.6883,0.27856,-0.68192,-0.69091,-0.83992,-1.0404
-0.45117,1.6385,-0.40877,-0.26231,-0.5759,-0.073121,-0.61893,1.4415,1.4736,-0.11085,2.8221,1.5463,-1.5978,-0.70585,1.3756,0.022786,0.43807,0.022786,1.6385,-0.61327,1.5463,2.6068,-1.1311,0.022786,1.7299,-0.79655,0.022786,-0.11085,-1.2238,2.9127,0.022786,0.14483,1.4415,0.022786,-0.70585,-2.7766,2.8221,0.57733,0.18316,-0.10313,-2.7766,0.82203,-1.4655,1.4415,-1.0472,0.022786,1.4736,1.7299,1.7299,1.6351,-0.26231,1.7299,1.4415,0.18316,-0.61893,2.7947,-0.79332,-1.3751,-2.8866,-1.5978,0.022786,-0.10313,-1.1311,1.7299,-0.63992,1.4415,2.9127,1.6512,-0.31197,1.9964,0.091926,-1.8014,0.022786,-0.78769,-1.1713,-0.98178,-0.32844,-1.6611,-0.45117,-0.10313,-2.1718,1.6385,0.022786,0.022786,-0.26231,1.3756,-0.68033,-0.5759,-1.2238,1.1595,-0.31197,1.4415,-0.79655,-0.69904,0.43807,0.091926,1.9964,-1.2238,0.022786,0.57733,1.3799,0.18316,1.4736,1.4415,-2.8866,-1.1744,-0.10313,0.73285,2.8221,-2.181,1.3756,0.022786,0.43807,0.18316,1.3756,0.18316,0.022786,-1.6611,2.8221,-0.11085,-0.45117,0.40661,1.4415,0.18316,-0.70585,0.18316,0.022786,0.18316
-0.82443,0.064083,0.17563,0.064083,-0.011681,-1.3128,1.3466,-0.056405,-0.17399,0.33617,1.6197,1.6197,0.11861,-0.011681,1.6605,1.5005,0.10393,-0.097358,0.064083,1.6197,-0.056405,-2.1187,2.1175,0.179,0.064083,0.15849,0.064083,-0.056405,-0.056405,-0.2775,-0.056405,-0.056405,0.026464,0.10393,1.4173,0.26897,-0.6833,0.12028,-0.056405,0.15849,0.12028,-0.056405,-0.056405,0.41644,-0.49795,0.179,0.19299,0.12028,-0.056405,0.11861,-1.3128,1.3544,0.75425,-0.17399,-2.1187,0.179,0.49765,-1.6654,1.6197,0.49765,0.10393,1.3466,-0.056405,-2.4334,-0.011681,-2.1187,-2.1187,1.4952,1.6197,0.49765,-0.056405,1.6138,0.179,0.077803,0.61381,-0.056405,-1.6654,0.12028,-0.056405,1.5269,-0.056405,0.99264,1.1675,1.6197,0.179,1.5964,0.38413,1.4007,0.179,-2.1187,-2.1187,-1.3128,1.1311,0.61381,-1.6654,0.179,-0.097358,0.12028,-0.097358,-0.011681,-0.57454,-0.011681,0.026464,0.179,1.3544,-0.29061,0.179,1.1675,0.10393,0.064083,0.10393,1.6752,0.10393,0.064083,0.33617,1.6752,-0.011681,0.49765,-1.6654,-0.056405,1.7723,1.6752,1.1675,0.61381,-1.6654,0.12028,0.61381,-1.3128
2.4647,1.702,0.64108,2.278,-0.078973,-0.46218,-2.208,0.12581,1.305,0.30804,0.67213,-0.46218,0.45331,2.4647,2.278,0.29651,-0.30456,0.15654,0.044791,-0.46218,0.30804,0.12581,0.67213,-0.59218,0.0019014,0.36387,1.702,0.073239,0.21089,-0.081378,0.67213,0.00059068,2.8865,-0.46218,0.67213,-0.058819,0.022385,0.07275,0.15654,1.1209,0.64108,0.46901,0.45331,0.040272,-0.30456,0.30804,0.54751,1.1209,-0.59218,-0.91567,0.15654,-1.9195,-1.9195,-0.20579,-0.021554,0.41903,-0.30456,0.30804,0.00059068,-1.9195,0.12581,-2.5787,1.702,0.34194,0.36387,0.29651,0.04274,-1.9195,0.68855,0.27972,-0.91567,0.15654,2.278,0.07275,0.82115,0.37286,0.044791,0.45331,2.4647,-0.078973,2.8865,0.15654,1.469,0.044791,0.07275,0.19668,-0.91567,0.04516,0.46901,0.54751,-0.46218,0.14037,0.15654,-0.46218,-0.61582,0.07275,0.040272,-0.081378,0.04274,2.0331,-2.9486,2.8865,0.31612,-0.30456,0.30977,2.278,0.36387,1.1209,0.022385,-0.61582,-0.59218,2.4647,2.8865,-0.058819,0.67213,-0.46218,-0.058819,0.67213,0.34194,0.21089,-0.3801,-1.9195,-0.3801,0.54751,0.67227,0.14037,0.12581,0.29651
0.058332,2.7545,-0.38642,1.2832,0.41878,2.7545,0.3369,-0.19024,1.2832,-0.63863,2.7031,1.1693,0.37654,0.70464,0.13567,0.70464,0.44923,0.23516,-0.26888,0.21484,1.3118,-0.51194,0.52452,-0.38642,-1.0624,-0.025247,0.52452,0.52452,0.52452,0.53103,-1.7243,0.44923,-0.025536,3.0641,2.8691,-1.7243,2.7545,-0.096969,-1.7243,0.10583,0.24589,-0.2556,2.7545,1.0445,0.15914,1.0045,-0.39207,-0.92832,1.1693,2.7545,1.0045,1.1693,-0.38642,-0.19024,0.24589,-0.16081,-0.39207,1.1693,1.6389,1.4042,1.0045,0.20848,-0.38642,1.9956,2.7849,0.13567,-0.92832,-0.26888,1.176,1.2832,0.52452,1.1055,-0.088693,0.63604,0.30531,1.3118,-1.9074,2.7031,-0.025247,3.0179,-0.19024,-2.3383,0.21484,0.41451,0.37654,0.097969,2.7031,1.0045,0.30774,0.41451,-0.92832,-0.096969,0.44025,2.7545,0.37654,-0.468,-0.025247,2.8691,-0.025247,0.2125,-0.51194,-0.92832,-0.2556,0.085471,0.44025,1.3943,0.63604,0.30531,2.7031,1.0045,0.30774,-2.7349,-0.38642,0.44025,-1.7243,0.13567,-0.39207,0.52452,-0.51194,-0.63863,0.097969,0.13567,0.3074,0.32481,-2.7091,0.79627,1.1693,1.1693
-1.1919,0.11413,1.2041,1.2552,-1.1919,0.81972,-0.99143,2.5736,0.32234,0.71994,0.21797,1.0243,1.2322,1.2041,0.54908,0.32234,0.86059,0.90293,0.90548,1.2322,2.5967,0.21797,-0.66511,-1.1919,-2.0094,0.90548,1.9022,-1.1919,-1.5304,2.6845,1.0519,-1.114,0.21343,0.32234,0.32234,-1.049,-0.99143,-0.66511,1.0646,-1.1919,2.6347,0.69682,1.2041,0.21797,0.17686,-0.82291,-1.1919,-1.2866,0.37671,-1.2866,0.43303,0.78446,-0.66511,0.86059,-1.049,1.0373,0.90548,0.32737,-0.82291,-1.114,-1.1919,0.1433,0.90548,1.0519,0.71994,0.78446,1.2668,-0.43012,0.52768,1.2552,1.6647,0.54908,1.2322,1.1769,0.37671,-0.37815,0.59891,-0.23097,-0.43012,0.37671,-0.98379,1.1769,-0.99143,1.0519,1.2668,0.26277,1.1769,-0.66511,0.1433,1.0646,1.2331,0.78446,0.32234,0.54908,1.2322,0.90548,0.52768,-1.114,-2.8897,0.1433,-0.0055053,0.32234,0.32234,0.1433,0.21797,0.26277,0.14597,1.2041,1.2041,1.0519,-0.82291,0.11413,0.11413,0.32234,2.5736,0.1433,-0.43012,0.52768,-1.2012,0.32234,0.64702,-0.43012,1.2331,-1.1919,0.71994,0.21343,-0.1695,0.38447
0.035233,1.1364,1.3325,1.074,-1.5527,1.4956,2.0376,0.007218,1.074,2.8298,-1.3332,-1.5527,-1.6261,-0.065039,0.31569,-1.5527,-1.9114,0.99432,-0.065039,-1.9114,-0.065039,-0.42723,0.20182,0.1427,0.98209,0.58913,0.31569,-0.2015,-2.1192,0.035233,0.5723,-0.065039,-0.088352,-0.2015,-1.249,0.31569,-0.016001,0.90554,1.074,-0.033228,0.59589,0.83958,0.018749,-0.065039,0.1139,1.074,-1.249,-0.56978,0.47502,1.2305,-1.2377,0.31569,-0.087249,1.1364,-1.4994,0.035233,-0.56978,-1.3888,-1.9114,-0.065039,0.87239,3.0051,0.59589,0.83958,-1.9114,1.3183,0.5723,0.49251,1.3325,2.1039,-0.56978,0.58913,1.1364,-0.088352,-0.087249,0.5391,1.074,-0.52706,0.26893,0.70573,0.31569,2.0376,-1.5422,0.95044,-0.087249,-0.31906,-2.1192,-0.087249,1.3325,1.5469,-1.9114,-1.249,0.59589,0.70573,0.59589,0.58913,-1.3332,2.1951,1.5469,1.074,1.074,0.035233,-1.2059,3.0051,1.074,0.51576,-0.2015,0.67963,1.2191,1.1364,0.47155,0.49328,1.1364,1.2191,1.4011,0.98133,0.95044,0.95044,0.46251,-0.087249,0.5723,-1.0417,3.0051,-0.40998,3.0051,-1.9114,-0.033228,0.31569
0.45329,-0.31556,-1.1222,-1.1139,0.53835,0.43245,0.41482,0.28045,-0.020107,0.45329,-0.020107,-2.552,0.55874,-0.1312,-2.552,0.63917,0.41482,-0.020107,1.2413,0.53835,0.42334,1.6325,1.2413,0.28045,-2.9726,0.90612,0.037507,-0.049445,1.5066,-2.9726,1.4201,0.29071,1.0821,-0.62053,1.6325,0.50911,2.4893,0.52805,1.1899,0.97573,0.49545,0.019352,0.90612,-0.020107,0.90612,-2.9726,-2.2766,2.2777,-0.37114,0.39401,0.1106,-2.3671,0.42334,0.87356,1.2125,2.5999,2.5999,-2.9931,0.53835,-1.3197,1.6325,-2.9726,0.53835,0.29071,0.1106,1.4925,0.43245,0.87356,-0.15027,1.2125,-2.552,-2.552,1.2125,1.1899,0.1106,-2.3671,0.93016,-2.9726,-1.011,1.2413,-1.1222,-1.011,-2.9726,0.63917,0.25958,0.97573,0.29071,0.28045,-2.2766,-1.354,-0.78723,1.4925,-0.62053,2.2777,-0.50718,1.5213,1.1899,1.3521,-1.0835,-0.37114,1.7035,-2.552,-0.37114,1.4201,0.93609,0.25958,-0.020107,0.45329,0.18658,-0.5231,-0.010532,-1.011,0.45329,-0.049445,0.53835,0.16793,-2.9726,-0.31556,1.6325,-2.2766,-1.1222,-1.354,-0.37114,1.2413,-2.8189,0.49545,-2.2766,1.0821
-0.10742,-0.72893,-0.20116,-1.5064,-0.33669,0.26651,-0.98933,-0.0043666,0.68729,-0.65249,0.91262,-1.0045,0.26125,-0.43347,-0.0043666,-0.20379,-0.211,0.59624,0.59624,0.032878,1.6552,0.26651,0.26651,-0.28542,1.4726,-0.0043666,-2.4211,-0.0043666,0.032878,-0.56859,0.59624,-0.43347,-0.40627,1.769,-0.0067243,-0.72893,-0.33669,-0.36198,-0.057971,-0.0043666,-0.65249,0.032878,0.26651,0.26125,-0.72893,-0.56859,0.80048,-2.4211,-0.0043666,-0.14333,0.032878,0.42339,1.769,-1.0045,0.26651,-0.17536,-0.98933,0.41857,-0.072547,0.68729,-0.40627,-0.43347,-1.2924,0.26125,3.0766,1.0269,0.59624,-1.5064,-0.72893,-0.36198,0.42339,-0.65249,0.59624,0.9948,0.26125,0.49513,0.80048,0.032878,-0.0043666,-0.22021,-0.052049,0.040269,-0.0067243,-0.43347,0.42339,0.41106,0.42729,0.91262,1.828,-0.10742,-1.1018,0.040269,0.59624,-0.26703,0.42729,-1.8841,-0.057971,-1.1018,-0.20116,0.032878,-0.0067243,1.4726,0.26125,-0.052049,0.032878,2.9853,0.42339,0.040269,-0.41653,0.032878,-0.65249,2.3753,0.50967,-0.60854,0.68729,0.040269,-0.98933,0.59624,-0.10742,1.0269,0.26651,0.040269,1.769,-0.65249,-0.052049,0.41857,-0.40627,0.2791
0.40504,0.43145,-0.17832,0.84104,-1.1576,-1.1576,0.097405,0.84104,-0.06662,-0.12597,0.1201,-2.4365,-2.4365,-1.0657,1.6997,0.69012,0.078884,1.6542,-0.055721,-0.79348,-1.2061,0.54456,0.1201,-1.2956,-0.06662,-0.06662,0.44869,0.051187,2.2613,0.84585,-0.53583,0.84104,2.9987,0.16093,0.60088,-1.0657,0.5671,0.078884,0.13586,-1.5124,-1.2061,-1.2061,-2.7177,-0.16272,2.2613,-0.16272,-2.7177,0.051187,-1.2061,0.097405,-2.7177,0.84585,-0.35226,-1.2956,0.1201,0.11979,-0.35226,1.6542,-0.19656,-0.2186,0.097405,-0.90651,0.42726,-0.6588,-0.54341,-0.40472,-1.2061,0.042135,0.029698,-2.7177,0.078884,0.54456,0.1201,2.9987,-1.9535,0.60088,1.1365,0.69012,-0.32378,0.051187,1.3139,-0.54341,-0.53583,0.051187,0.60088,2.4429,-2.1546,2.4429,-3.0451,-0.46336,-1.2061,1.6037,0.69012,1.6542,-1.1576,-1.2061,0.59666,-0.06662,0.1201,-0.22998,-0.2186,-0.06662,2.2613,-1.2061,0.57623,-1.2061,-2.1546,1.5887,1.0008,-0.54341,1.6997,-0.38308,-0.21137,-0.53583,-0.21137,1.1937,0.54456,-0.21137,0.20188,0.1201,-1.2956,-0.072096,-0.53583,0.44869,-0.06662,1.3062,-0.19737,-0.21137
-1.2813,-0.81546,-0.18539,-1.5485,-2.152,-2.6373,3.0213,-0.83159,-0.071427,-1.2813,-2.152,-1.2813,-1.4913,-1.6001,-2.7653,-2.6373,-0.81546,3.1339,2.9838,-2.7653,-0.91721,-0.18424,3.1339,-1.4913,-0.3432,-1.4511,-1.509,1.6312,0.95468,-2.0039,2.4208,-0.94246,-0.98857,3.0213,-2.152,-1.1795,-1.2813,-2.0039,-2.6373,-0.83159,1.0851,-0.83159,-1.4913,-1.0277,-1.9321,-1.5485,-0.98857,-0.53371,-1.509,-0.98857,-1.144,3.1339,0.36664,-2.6373,3.0213,-2.152,-2.339,-2.6373,0.69153,0.69153,-2.6373,-0.53371,-1.144,1.4201,-2.6373,-0.53371,-1.509,-1.4913,-0.98857,-0.81546,-1.0277,-0.3246,-1.1414,-1.509,0.36664,-2.152,0.95468,1.7554,-0.69067,-1.5485,-1.2813,-1.0277,-2.152,-1.4683,0.27467,-1.2813,-0.53371,-1.509,-1.509,-1.0277,-0.53371,-1.509,2.9838,-1.144,-3.0452,-2.6373,-2.152,-1.0125,-1.4683,-0.83159,2.9838,-1.2813,-0.83159,3.0213,-1.0277,-0.53371,-1.0277,-0.53371,-0.58285,3.0213,-0.83159,-0.35105,-0.071427,-0.18539,3.1339,-2.0039,-2.6373,-1.144,-1.4511,-0.98857,-0.071427,1.612,3.0213,-0.83159,-0.3432,-1.0277,2.8998,-1.2813
-2.9872,-1.8645,-1.2624,-2.1098,-2.687,-2.6809,2.2809,-1.4916,-2.7811,2.4235,2.4235,-2.8559,-1.4683,-1.786,-1.3569,-2.687,-2.9101,1.6058,-2.8559,3.0958,-2.6809,-2.7354,-2.687,-1.4683,-1.9558,-2.6809,-0.91049,-2.8387,-2.8559,-0.96759,-1.4683,2.893,-2.6809,-2.3165,-2.7354,-2.5129,-2.687,-0.22416,-2.7755,-3.0706,-2.7354,2.893,-1.8645,-2.8387,2.893,-2.3165,-2.3165,-1.786,-2.7354,-2.7354,-2.3165,-0.73477,-1.3569,-2.788,-1.2624,-0.94409,-2.687,-0.22416,-2.2603,-2.9101,-2.687,-2.8387,-2.8387,-2.8387,-2.8387,-0.3498,-2.6809,-2.3165,-2.687,2.893,-1.8645,-2.687,-0.3498,-2.7354,-2.9101,-2.7354,-2.0309,-2.7354,-2.9101,-0.91049,-2.788,2.4235,2.893,-2.8559,-0.29763,-1.268,2.893,-1.3569,-2.687,-2.687,-2.7811,-2.2603,-2.7354,-0.94409,-2.7811,-1.786,-0.99802,-0.3498,2.4235,-2.9101,-2.2603,-2.687,-2.9101,-2.687,-2.2603,2.0747,-2.3165,-2.2603,-2.687,-2.3165,2.893,-3.0706,-2.2603,-0.3498,2.2809,-1.786,-2.8559,-1.0875,-2.7354,2.893,-2.2603,-2.1432,-2.687,1.9303,-1.1773,2.893,2.2809,-1.8645
-2.3453,-1.9131,-1.5787,-2.7383,-2.627,-1.5787,-1.4053,-2.7256,-0.45088,-1.9119,3.1285,3.0281,-2.7065,-2.0275,-2.9116,-2.8325,-1.1478,-2.6323,-1.8162,-1.6346,-2.6323,-2.4797,-0.65039,-0.0282,1.9464,-2.0627,-2.3453,0.022993,-2.9734,0.022993,-1.5787,-1.6422,-2.9116,-2.1324,-3.0478,1.4679,-1.5787,-2.3242,-1.4053,-2.0627,-2.416,3.0281,-1.6236,-0.62178,-2.1324,-2.3242,3.0855,-1.6236,1.349,-2.8325,-2.3242,-1.5787,-1.5787,-2.0094,-2.4967,-1.9119,-1.6236,-2.4797,-2.9116,-2.2106,-2.9189,-1.2354,-2.8325,-1.0084,-1.6346,1.349,-1.6422,0.8862,-0.93583,-0.62178,-1.5787,-2.0094,-2.0627,-2.2106,-3.0218,-2.627,-1.5016,0.14201,2.4911,-2.7256,-2.4967,-1.6236,2.4911,-1.5787,-1.6236,2.942,2.8328,1.9464,-0.62178,-2.0627,-1.6236,-2.7065,0.022993,-2.0971,-2.0627,-2.1324,-2.9734,-2.7223,-1.9707,-1.8969,-1.5787,-2.6882,-1.5016,-2.0627,-2.4552,-2.3941,-2.0627,-1.5198,-1.6422,-2.9734,-2.0627,-2.8506,-1.9131,-2.4967,-2.5637,-0.19062,-2.6882,-2.9116,-1.5016,-2.4797,-2.6124,-2.9205,-2.3453,-2.6323,-2.4967,-2.0627,-1.6552,-2.0627
-0.15573,-1.5428,-1.5392,2.4669,-1.7567,2.3545,-1.5428,2.2874,-1.8962,-2.3608,-2.3608,-2.1662,2.3545,-2.0852,-1.6936,2.1416,-1.6936,-1.7567,-1.5392,-1.4904,-2.0101,-1.6677,-1.5392,-1.5428,2.2874,-1.5392,-2.0852,-2.0101,2.2874,-1.5428,-1.5392,-2.059,-1.8342,-1.5857,-1.6677,-0.15573,-0.15573,-1.5857,-2.3635,-1.6677,-2.0101,-1.69,-2.3608,-0.15573,-1.5223,-1.5428,-2.0101,-1.6677,-1.0283,-1.6936,-2.3635,-1.9304,-2.3608,-1.7567,-1.8679,-1.6817,-1.5428,-1.6936,-1.8962,-2.3386,-2.018,2.2874,-1.5223,-1.6817,-1.0739,-1.8962,-1.5857,-1.4904,-1.6677,-1.4904,-1.5428,-0.15573,-1.4904,2.1416,-1.0739,-1.6936,-1.6817,-1.7184,-1.8679,-2.018,-1.8679,-1.7567,-1.0447,-1.5857,-1.7184,2.3545,-1.6854,-1.6677,2.2874,2.3545,-1.5392,-1.5392,-1.5428,-1.7567,1.8642,-1.5392,-1.5392,-1.3216,-2.1662,-1.5428,-1.5428,-2.2148,-2.018,2.2874,-1.998,-1.5392,-1.5428,-1.0283,-1.6936,-2.018,-1.5392,2.3545,-2.5289,-1.6677,2.3545,-1.5428,-2.2148,-1.0283,2.2874,-0.15573,-2.059,-2.4257,-1.6677,-1.0283,-2.0852,-2.0852,-2.0101,-1.6936
-1.8255,-1.7209,-1.5102,-2.2189,-1.5955,-1.4174,-2.424,-1.9689,-1.1224,-1.3313,-1.8667,-1.1873,-1.429,-1.9689,-1.2772,-1.6701,-1.8667,-2.424,-1.5121,-1.7172,-1.2772,-1.9689,-1.1873,-2.2625,-1.8855,-1.594,-1.6354,-1.4629,-1.3853,-1.3511,-2.1374,-1.2453,-1.7814,-1.7508,-1.1873,-1.9666,-1.572,-1.9666,-0.94649,-2.2065,-2.2065,-0.41618,-1.5121,-1.7508,-1.2737,-1.1873,-1.8989,-1.6553,-1.8485,-2.4571,-1.8255,-1.5095,-2.424,3.1178,-1.6891,-0.61451,-2.424,-1.2954,-1.2453,-1.5095,-1.6639,-1.5912,-1.8855,-2.0981,-1.5912,-1.1873,-1.5121,-1.8855,-2.2189,-1.8989,-1.5955,-1.8989,-1.6701,-2.2065,-2.1568,2.7563,-1.9689,-1.3809,-1.6553,-1.8485,-1.1873,-1.3809,-1.0448,-1.1233,-1.2772,-1.7172,-1.9689,-0.61451,-1.5557,-1.6553,-1.5121,-0.61451,-1.2772,-1.8255,-1.4772,-1.5095,-0.61451,-2.1197,-1.594,-1.5955,-1.8485,1.3848,-1.6553,-1.9689,-1.2772,-1.3985,-1.8855,-2.5097,-1.3985,-1.5912,-1.1224,-1.7596,-2.2625,-1.9666,-1.7508,-1.5121,-1.9666,-1.429,-2.2189,-1.7209,3.1178,-1.7508,-1.8667,-1.3313,-1.8485,-2.7336,-1.7209,-1.5557
-1.571,-2.0286,-1.571,-0.80471,-3.1354,-1.4952,-1.7792,-1.5701,-1.9649,-1.3964,-1.9736,-2.5247,-3.1354,-3.1354,-1.9736,-2.3645,-1.3964,-3.1354,-2.6011,-1.9983,-2.277,-1.9983,0.10345,-3.1354,-2.3645,-1.3964,-1.5584,-1.8873,-3.1354,-2.4554,-2.0104,-1.5701,-2.8652,-1.8873,-3.1354,-1.5701,-1.8891,-1.5663,0.98053,-1.9712,-2.0104,-1.9736,-1.3964,-0.96327,-1.9736,-3.1354,0.98053,-2.4554,0.98053,-1.8587,-3.1354,-3.1354,-1.3964,-1.5701,-1.3303,-3.1354,-2.3374,-1.5584,-1.3964,-1.267,-1.9712,-1.3964,0.98053,-0.96327,-1.3964,-1.3964,-1.7807,-1.3964,-1.8873,-3.1354,-2.0104,-1.668,-2.1462,-3.1354,-3.1354,-1.6776,-1.9736,-1.9736,-1.5701,-0.87097,-3.1354,-1.571,3.0009,-1.5701,-1.2925,-1.9983,-1.571,-2.4032,-1.9736,-3.1354,-1.2925,-1.9712,-1.738,-3.1354,-2.1341,-1.3964,-3.1354,-1.3964,-1.3964,-3.1354,-1.8873,-1.3964,-2.3999,-1.738,-1.738,-1.668,-3.1354,-2.069,-1.3964,-1.6467,-1.5079,-1.3964,-3.1354,-2.1446,-1.8339,-2.3645,-1.9649,-1.5411,-0.9021,-2.1462,-1.3964,-1.8339,-1.9712,-1.3964,-1.9649,-2.2199,-1.3964,-1.668
-0.82977,1.9489,-2.5676,1.9489,-0.612,-0.612,3.048,2.5622,-2.5098,2.4863,-0.32985,2.6203,2.5364,2.5364,2.4305,-0.73515,2.6203,-0.612,-1.7215,3.101,0.41351,0.21185,-2.0648,-0.81394,-2.5098,2.5622,-2.431,-2.0648,-0.66626,-1.2949,1.9489,-2.431,3.1177,2.5622,-2.5676,-0.81394,0.71604,-2.5144,-0.612,-1.7778,3.048,-2.5098,-0.612,-0.64391,2.4863,-3.0341,-1.7489,-1.4935,-0.64391,1.9489,-2.431,-1.7778,2.4305,3.101,3.101,2.5622,2.5622,-1.4935,-1.7778,-0.612,-0.64391,2.4863,-2.5676,2.6203,0.33253,2.6203,-1.2949,-1.2795,0.14067,-1.4935,1.3992,2.569,3.101,-2.5098,-1.4935,-0.82977,-2.083,-1.2949,-3.1229,-2.1904,3.101,-2.083,-2.5144,1.3992,-0.612,1.3992,2.6203,-1.7215,1.3992,-0.17298,0.21185,-2.5144,-0.17298,3.101,-1.9497,2.4305,-0.17298,-2.5098,-0.81394,-0.82977,2.4305,-1.8693,-0.82977,-2.431,-2.5676,3.0364,-2.5098,0.41351,2.5622,-1.7778,-1.7778,2.569,-0.17298,-2.083,3.048,-2.431,0.33253,-0.82977,-3.1229,2.4305,1.9811,0.6143,0.44106,3.101,-0.612,0.41351,2.4305,1.9489
-1.2952,3.1204,2.9608,-0.15564,3.0592,3.0592,2.7287,-1.0427,-2.9597,2.2565,1.7181,-2.3,1.5176,-0.91598,3.1204,-2.9597,-1.213,2.5999,1.5477,1.7045,1.5477,1.5477,2.7884,3.0592,1.7045,2.0937,1.5477,0.066266,3.0592,2.2565,2.9356,-2.9,-1.213,1.5477,1.7045,2.702,2.122,-2.8987,2.9389,1.5176,2.5999,1.8292,1.5477,2.2565,1.5477,2.747,-0.82313,1.5176,-2.8987,-2.9597,2.122,1.4851,-1.213,1.5477,-2.9597,-0.66831,0.69065,1.5477,1.5176,-2.0861,3.0592,2.9356,-3.0926,1.5477,2.2565,-0.15564,3.0592,-0.39304,3.0592,-0.11083,3.0592,-0.91598,2.4575,2.3345,3.0592,-2.7056,-2.302,-1.7666,1.7045,1.7045,1.5477,2.122,-2.0659,-2.9597,1.7045,3.0592,1.5176,1.5477,2.3345,2.4358,3.0592,2.4358,1.8292,3.0592,2.4694,2.0937,-1.213,-2.9597,-1.213,2.747,-0.56751,2.7884,3.0592,1.8219,1.7181,-2.1734,2.2565,2.747,1.7045,3.0592,1.8292,2.0937,1.8219,2.7287,2.4575,1.7045,2.9618,2.4694,2.747,3.0592,1.5176,-1.4053,-1.7666,1.7723,2.747,1.4851,-1.7332,2.0937
1.6136,2.5058,1.7771,-2.8747,-0.70833,-1.6926,2.0323,0.93398,-0.53495,0.589,2.1259,-2.7186,1.6824,0.18065,2.0804,1.7771,2.1259,-2.8747,1.816,0.93398,2.8027,0.93398,1.0145,2.0323,-0.70833,1.816,2.1259,0.18065,2.1259,1.1379,0.589,2.0323,2.3442,-0.8252,2.1259,-0.8252,-2.9792,1.3976,1.6492,1.6492,1.816,1.7452,1.7452,-2.9181,1.2415,2.209,-2.8747,1.7771,1.8221,2.0323,1.8734,1.0145,1.6492,1.6492,1.816,0.070821,-0.53495,1.816,-2.8747,1.2415,1.6492,-2.8747,-0.70833,-0.782,0.93398,0.76129,1.6136,-2.9181,-0.8252,-1.6926,1.5533,1.6136,1.816,-2.8747,1.2415,-0.782,1.5533,1.7771,2.1259,1.7771,-2.9181,-3.1317,2.1259,0.93398,-0.782,1.7452,1.8221,1.2415,2.1259,1.7452,2.1259,1.0145,1.8734,2.0323,1.0145,1.8221,1.816,0.18065,-0.53495,1.816,1.6492,2.0323,1.0145,2.5058,2.1259,-0.53495,2.0323,0.18065,-0.782,1.0145,-0.40315,0.93398,-2.5736,2.9352,-0.70833,1.816,2.0804,1.816,1.9376,2.1259,1.3976,1.6136,1.2415,0.76129,-0.16936,-2.1123,1.816,1.8221
2.4076,-3.1011,0.082001,2.1698,1.9977,1.6466,2.2071,1.5482,-2.8091,2.982,-0.60829,1.5482,1.9539,2.6271,0.91265,1.9241,1.7141,2.2071,1.7008,1.6793,-3.1011,-0.82208,-1.6373,-1.4917,-1.4397,0.18878,-2.8091,-0.45268,1.34,2.5314,1.3208,1.3208,-1.0956,1.0482,1.6198,1.9346,1.6569,-0.98583,-1.4397,1.2429,-0.82208,2.1698,-2.7,-1.6373,1.1117,-0.91093,2.1698,-1.0956,2.5314,2.0424,-1.4397,-1.6373,2.2981,2.6271,-1.4397,-1.4397,1.8626,-0.067432,-2.7,1.9346,-1.6373,-1.6373,-1.0956,-1.4397,-2.6901,1.9346,2.8532,1.8626,1.7314,-2.6901,-2.7,1.6569,-1.4917,-1.0956,2.8532,1.9003,-0.15887,0.91265,-0.98583,0.082001,-0.66573,1.9498,-0.98583,-2.8091,2.6271,1.9498,-1.6373,1.6569,1.34,1.2054,2.0424,2.0406,-1.4917,-1.0956,-0.91093,1.1117,0.35007,-1.4917,-0.69994,2.151,-1.4917,1.1547,-2.6901,2.2071,0.97842,-1.4397,0.5588,2.4076,2.0603,2.4076,-0.91093,1.3208,0.73406,1.3208,-2.6901,1.9977,2.5314,-1.4917,-2.6901,1.8626,-1.0956,2.1757,1.6971,-0.85376,2.982,0.54993,1.3208,1.9241
-1.0777,-0.62547,-0.94611,1.3355,-0.83309,-0.17165,-0.67063,-0.62547,-1.3265,-1.4865,-0.34604,-0.83309,-1.4534,-1.5878,-1.208,-1.4615,1.3698,-1.208,-1.4615,-1.151,-0.34604,-1.0248,-1.3928,-1.4534,0.66076,0.036129,-1.3928,0.036129,-0.89044,-0.50718,-1.3356,0.036129,-1.208,-1.9201,-1.0777,-1.3786,-0.89044,-1.6103,-1.5878,-1.6262,-1.3786,-1.6262,-0.62547,0.036129,-1.3928,-1.2718,-1.0248,-0.94611,0.66076,-1.2041,-0.94611,0.036129,-1.5878,-2.0287,0.036129,0.66076,-1.8618,-2.0287,-1.0156,-1.5203,-1.8167,-1.3786,-0.94611,-1.3265,-1.151,-0.87369,-1.2718,-1.208,-0.17165,-1.4865,-1.3928,0.036129,-1.3786,-0.83309,1.0239,-1.6103,-1.0248,-1.3928,-1.8618,1.9681,-1.4615,-1.6262,-1.0248,0.66076,-1.4534,-1.3928,-0.50718,-1.6262,-1.4865,-0.89044,-0.62547,-0.34604,-1.4615,-1.3786,-1.4865,-1.3928,-1.3435,-1.2718,-0.67063,-1.2041,-0.50718,-1.9201,-1.8167,-1.3265,-1.0156,0.036129,-1.8167,-0.67063,-1.4615,-1.0777,-1.8167,-1.3265,-2.3532,-0.34604,-1.3435,-0.62547,-0.17165,0.12219,-1.3265,-1.4615,-0.89044,-0.50718,-1.6103,-1.4865,-1.6103,-1.0777,-1.0777,3.0247
-0.68205,-0.78275,-1.4196,-2.0301,-0.059274,-0.17365,-1.7159,1.9685,-0.77557,-0.23597,-1.4196,-0.46294,-0.48874,-1.7159,-0.3765,0.32079,-1.3248,-1.4196,-0.94578,-1.4196,-1.4577,-1.0569,-1.0873,-1.9412,-0.14999,-1.4196,-1.2045,-1.7159,-0.3765,-0.3765,-0.52254,-0.17365,-1.145,-0.036479,-0.38071,-0.8,-1.652,-1.652,-1.7159,-0.94578,-0.52254,-2.6272,-1.3248,-0.98611,-0.3765,-0.17365,-0.28954,-1.9412,-0.17365,-1.7159,-1.652,-0.059274,-1.3248,-1.455,-0.3765,-1.7159,-1.7159,-0.3765,-0.17365,1.9685,1.9685,-1.652,-0.94578,-0.36047,0.32079,-0.067069,-0.78275,-1.3248,-1.145,-1.7159,-0.17365,-0.46294,-1.652,-1.3248,-0.76507,-1.3248,-1.7159,-0.94578,0.32079,-0.87609,-1.7159,-0.36047,-0.49868,-1.7159,-1.657,-1.7159,-1.1098,3.0908,-0.8,-2.1773,-1.2045,-0.49868,1.9685,-0.17365,-0.52254,-0.76507,-0.10206,-0.036479,-1.7889,-0.52254,-1.7159,-1.4196,-1.8952,-1.2045,-0.48874,-1.145,-0.54717,-0.94578,-1.4577,0.32079,-0.98611,-0.65044,-0.46294,0.32256,-0.46294,-1.7159,-1.4196,2.2766,-1.3248,0.060705,-0.48874,-1.4196,-1.8952,-1.7159,-0.3765,-1.7159,-1.7159,-0.38071
3.0861,-1.8048,-1.2672,-1.8211,-1.9062,-1.8211,-1.5344,-1.7241,2.8192,2.749,2.8192,2.9543,2.2108,2.1889,0.6751,-0.95231,-1.5344,-2.7175,-2.7468,-0.81099,-0.045317,-1.8048,2.8192,0.63324,0.20605,3.0861,2.8192,-0.95231,0.6751,2.8192,-0.50519,-1.8211,2.1889,2.9543,2.8192,-2.7175,1.2526,-1.2672,2.8192,-0.95231,-2.7175,2.1889,0.63324,-2.1972,2.9543,-1.8211,-1.016,-1.7241,3.0861,-0.95231,0.7437,-0.66507,2.8192,-1.2672,-0.61927,-1.016,0.6751,0.63324,2.9543,0.23279,0.37297,0.23279,-1.1643,3.0861,-1.9062,-1.016,-2.4278,-0.39506,-1.4635,-1.5344,0.72226,0.7437,-1.2672,-1.8211,2.1889,-1.8211,-1.8211,2.9543,-1.4635,-0.95231,2.2108,-1.2672,-1.8211,-1.2672,-1.2672,1.9448,-1.8211,0.63324,-1.016,-1.8048,2.2108,3.0861,-0.95231,-2.1385,2.1889,-1.016,-1.5344,-1.8211,2.2108,-1.016,0.23279,-2.4347,-2.7175,-2.7468,-1.016,-2.7175,-1.8048,-2.7175,-1.8048,0.23279,-0.41747,3.0861,-0.95231,2.749,2.1889,-2.7468,-0.33467,-1.8048,2.1889,0.23279,0.63324,-1.016,-1.2672,-1.8211,2.9534,2.8192,-1.8211,0.7437
-0.82281,-2.1682,1.6263,-0.98994,-0.026167,0.4322,-0.55701,0.1078,-0.026167,2.2151,-0.264,0.4322,-0.70485,-0.55701,1.0576,-1.2168,0.095441,-1.015,1.7683,-0.82281,-0.85284,2.9174,-1.2168,-2.1053,3.0523,0.24093,-3.0773,0.4322,-0.98994,0.051893,1.6263,-1.2954,-0.98994,-0.71697,-1.2168,-1.9085,0.12142,0.24093,0.24093,-0.55701,2.1376,-0.55701,-1.4906,-1.789,-1.9556,0.24093,3.0523,1.6263,-1.2168,-2.1682,0.72537,0.12142,-2.8061,0.24093,-0.70485,-0.70485,0.23133,-1.2954,0.058988,-1.8727,-1.6691,-1.7534,0.82884,-0.264,-1.2168,-1.6691,-0.70485,-2.7766,3.0523,-2.3384,0.82884,-1.2954,-2.1053,0.7684,-1.9102,-1.6082,2.4116,-0.026167,-1.2168,3.0523,-1.6691,-2.8047,1.3811,0.72537,-1.7952,-2.3384,-2.1682,-1.2168,-0.264,1.0576,-1.3806,-2.8975,-0.026167,-1.3806,2.8789,-0.70485,-0.98994,2.6285,-0.026167,1.6263,-1.9556,-0.7564,2.6285,-0.55701,-1.6109,-0.70485,-2.4843,0.051893,-1.9085,-2.1682,-1.4906,1.0576,0.24093,-1.2168,-0.98224,-0.026167,-2.3384,-2.3384,2.2954,-1.9556,2.9013,1.6263,0.85881,2.6285,-1.4593,-2.323,-0.264,-1.0528
0.27016,-1.9183,-0.41081,-0.54394,-1.8713,-3.0196,-0.41081,-0.25884,2.316,-1.8256,-1.8256,-1.6766,0.74534,-1.8256,-2.9948,1.1506,-2.6667,1.6366,-0.41081,2.9968,-0.61151,-2.4071,-1.6766,1.1506,-1.6943,-1.662,-0.61151,-1.6766,-1.8713,0.74534,0.79786,2.9968,-1.8256,2.9968,-0.41081,2.9968,-0.25884,0.27016,-1.8256,-2.4071,-0.11713,2.3798,-0.41081,2.3798,-3.0196,-2.9948,-0.35117,-1.8256,1.772,2.9968,-1.8713,-0.11915,-1.6766,2.9968,2.9968,-0.41081,1.9567,0.27016,-1.1464,-1.6766,-2.6667,1.1506,-2.9948,2.9968,-1.8256,2.9968,-0.30945,-2.9948,-1.6766,-0.35117,2.9968,2.9968,2.9968,-0.35117,2.9968,2.9968,-1.1117,2.7015,2.9968,-2.6667,-1.9183,-1.8256,2.9968,-1.147,2.9968,2.9968,-2.6667,-1.8256,1.1506,1.1506,-2.6667,-2.6667,2.9968,-2.6667,-1.8256,-1.8256,0.79786,2.9968,2.9968,2.9968,-2.6667,-1.6766,-0.25884,-0.41081,-3.0196,-0.88258,-0.35117,-0.54394,2.9968,1.772,-2.6667,-0.41081,-0.25884,-2.9948,-1.8256,0.79786,-1.8713,-0.61151,2.9968,-1.7584,-2.9948,-1.9183,1.1506,-3.1141,-1.147,-0.35117,-1.8256,1.217
-1.8058,2.7133,-1.766,-2.6446,0.464,2.4589,2.1771,-2.6742,-2.6742,-0.39055,0.71049,2.7084,-2.922,0.54693,-1.8058,2.4787,1.7562,1.7854,0.061388,0.81957,0.29519,0.464,2.4589,2.4589,-2.6742,-1.766,-2.7696,-0.79554,-2.6446,3.0277,0.75816,0.5373,-1.8058,2.4512,0.54693,0.061388,2.4589,1.0238,-1.3897,2.5603,-0.78597,1.3549,2.1149,1.1909,2.4589,0.76702,1.1909,1.3781,2.2394,1.0238,-0.39055,-1.5402,-0.95626,2.7084,2.4589,-0.14325,-0.56235,0.29519,1.1909,-0.84689,2.1771,1.0238,2.1149,-0.88208,-1.3044,1.0238,0.81957,-0.95626,-2.6742,0.1794,-0.95626,1.1308,-0.88208,2.4589,-0.06292,-1.3044,-1.3044,-0.06292,-2.1086,0.54693,2.9983,-2.6446,-2.922,2.2454,-2.922,-1.538,2.4512,-1.538,2.4512,0.36866,2.7133,2.4512,-1.5402,2.1149,-1.8058,-2.922,2.4589,0.54693,2.6097,-2.7516,-2.6446,3.1211,-1.1193,-2.922,2.1149,0.464,-0.06292,2.6097,0.54693,3.1211,-2.922,-0.95626,2.7084,-2.2592,-1.3897,0.36866,2.4512,-1.766,-2.922,0.28643,-1.3044,0.71049,0.15924,-2.6742,2.4589,-0.61133,-0.84689,3.1211
0.87928,1.7533,1.2022,-2.1036,0.99311,2.2987,-1.6262,0.99311,2.0038,0.1584,-3.0205,1.5196,-0.14221,-2.8842,2.8689,1.058,0.48775,-3.0205,2.7541,1.8458,1.9697,2.002,-1.6337,1.9374,-0.89306,0.015515,0.015515,3.1176,1.058,-3.0679,0.25247,1.6859,0.25247,0.30971,0.38001,-0.14221,0.48775,-1.0777,2.8941,1.2147,-0.94202,-0.44011,1.7533,-0.64525,1.9261,-3.0205,-1.7428,0.66226,1.5196,-1.9665,-1.7428,1.058,2.2987,-0.64898,-0.44011,1.5247,0.25247,0.015515,1.0417,1.7651,0.89204,-0.10327,-2.8842,1.0185,2.5807,-1.0777,2.186,1.5196,-0.64525,0.30971,2.8941,1.3554,-3.0205,1.9261,2.002,-0.94202,1.7145,2.4572,0.89204,2.0252,2.4572,-0.084656,-2.4836,0.30971,-0.14221,-0.45326,-2.0408,0.25247,0.99311,-1.0008,1.9634,1.9634,1.5809,3.1176,0.015515,-3.0679,0.38001,2.002,0.39672,-1.9665,-2.2953,-2.4836,1.5196,2.7541,2.8689,1.7145,2.002,2.2987,-3.0205,1.2022,1.9634,1.9732,2.0252,0.48775,0.23181,1.5196,-0.084656,-2.4836,0.47584,-1.7428,0.99707,2.3557,1.1427,0.66226,1.9261,-3.0679,0.7419,2.002
2.9992,2.4454,1.2248,2.6729,-1.7812,0.005223,-1.7092,2.9992,0.072401,2.9615,0.99769,1.2467,-3.0351,-0.6844,0.80324,2.2431,-0.46371,-2.9648,-0.14668,2.4454,2.2188,0.11552,0.70779,1.122,0.351,2.9626,0.99769,-1.1879,1.0411,-0.23247,2.971,-2.2121,0.70779,0.53028,-0.017948,2.1395,0.005223,-3.0351,0.96026,-0.85684,2.0477,2.4454,-0.36031,-1.9222,0.61883,0.80324,2.2431,1.122,-0.6844,-0.033475,-0.13605,-0.36031,1.8507,1.0432,-2.3353,1.2248,2.1876,-0.36031,-1.9222,1.2871,-2.162,-2.3353,-0.37708,-0.14668,2.6729,0.37599,-0.07443,-1.9222,-2.7496,2.1548,-1.1366,1.0091,2.4454,-0.66115,-1.9455,2.9626,1.6883,-0.033475,-0.29254,-0.71813,-1.7664,-0.6844,-0.37708,-1.9455,-0.07443,-2.3353,-0.23247,-0.30238,2.1395,2.9626,-1.545,-1.4958,0.351,2.2193,-0.36031,-1.1879,-0.46371,-2.4786,-0.2322,-0.14668,3.1168,1.2467,-0.37708,-2.3353,0.11552,0.96026,-0.30238,2.5148,-0.6844,-1.1879,1.2871,2.9992,-1.1879,2.9677,-1.9222,-1.9455,-1.7812,2.5961,-0.66115,-0.93995,2.5148,0.96026,-0.2322,2.2193,-1.5208,1.8507,-1.1879,-1.1879
-1.1698,0.42379,1.4757,0.61461,-1.5115,0.87212,1.5337,1.951,0.55723,1.3037,2.3847,0.67742,-0.65546,0.19901,1.3037,1.1512,0.35677,1.1011,-1.5115,1.3871,-0.70656,0.40759,0.61461,-0.015477,0.19901,-1.1985,-1.4307,0.24846,-1.1072,-1.9408,-0.015477,0.55723,2.5087,2.5361,-0.015477,2.2252,2.2756,2.2985,0.61461,1.4437,1.5337,2.5004,-1.4205,-2.6926,0.40759,1.1011,-1.1985,-1.945,0.44681,1.3037,2.5004,-1.4205,-0.13476,-1.7667,0.24846,2.2756,1.4437,-1.1072,-1.6722,-0.015477,-0.24042,-1.6746,1.291,1.3037,-0.0075633,-1.4205,0.30785,0.24846,1.1065,2.2252,-1.3079,-1.7667,-1.6746,-2.1177,1.1011,1.3871,-2.5668,-2.8597,2.1363,2.2756,-0.65546,0.52769,-0.80229,0.44681,0.22425,-1.9408,-0.39412,2.2252,1.053,-0.45524,-0.015477,-0.24042,2.6817,2.1944,1.8684,2.3666,-0.31137,-1.4307,0.0026865,1.1065,2.3847,1.053,-1.4205,-1.4742,1.3037,0.40759,2.5361,0.61461,-0.21532,1.053,-0.0075633,2.3847,-1.5154,-0.015477,-0.31137,1.1512,-1.9408,-2.5668,1.1065,-1.5154,-1.4307,0.19901,-2.5668,-2.4177,-2.4177,1.529,-1.7667,0.29122
2.2534,-1.3889,-0.22389,2.0918,0.60074,-3.1368,-0.96096,-2.088,-1.8585,1.1625,-3.0005,-0.55821,0.39086,-2.6673,3.0219,0.54799,-3.0005,-0.21359,-0.95682,0.15101,0.49182,0.13506,0.54799,-0.22389,-2.6141,2.2534,-1.5332,0.6997,1.2344,-2.6141,1.3517,0.86472,-0.5405,-0.94107,2.4985,3.0219,-0.1302,0.34748,1.8936,-2.677,1.1625,-1.1266,0.60074,-1.8533,-2.6141,-2.6141,1.7887,-2.2504,-2.8431,-1.0728,0.86472,2.0113,2.501,1.591,-2.4312,-0.3891,-2.5762,2.9271,-1.6956,0.93297,3.1035,-0.86981,0.050083,-2.6673,-2.2705,-2.7245,-0.38798,-1.6956,-0.38714,-0.50569,-2.0868,0.60074,-0.38714,0.84131,2.253,-1.6956,-2.6673,0.54799,-1.5373,0.7393,0.28286,-1.1266,-2.6131,0.13506,-3.0005,2.0918,0.14528,-0.99477,0.12409,2.4985,1.1625,-1.5373,0.58576,1.2344,-2.4335,1.8032,0.050083,-1.3889,-2.5472,0.26645,2.253,-0.55821,-3.0005,0.34748,0.34748,0.57852,-2.5762,-1.2904,-1.6956,2.027,2.5506,2.5506,-1.8585,-0.86981,1.9297,0.93297,0.84131,-0.86981,2.5506,0.60074,-3.0005,2.2534,-2.2705,-3.0349,0.7393,0.60074,0.26307,0.69082
0.41302,0.1138,-0.094613,0.67068,1.6733,1.3916,-2.4777,0.41302,2.0238,1.0916,-1.635,2.6616,-0.29521,1.0493,-1.4517,-0.61719,0.41302,-1.4517,-2.6229,0.19651,-0.71904,1.3916,3.0842,-2.4191,-1.4517,1.2574,-1.414,-1.9738,-1.9717,-0.71904,0.54492,-1.8074,1.6733,-1.4517,-0.11001,-2.4777,-1.9717,0.037646,1.6861,2.3484,-2.4191,-2.4777,-0.67906,1.3916,1.2912,1.2574,-2.4777,1.7963,1.6977,-1.9738,-0.21214,-1.9717,-2.4191,0.54492,1.7454,1.2912,0.46151,1.0493,-0.42901,-1.414,2.0785,-2.5882,-1.2621,0.41302,-1.8074,-0.29521,-0.21514,-2.5882,-1.9717,-0.11001,1.3198,0.72853,-0.71904,1.3916,-0.67906,2.284,-2.4191,0.3016,-1.414,0.36161,1.3916,-1.8074,1.7454,-0.29521,-2.4931,1.1031e-05,1.2912,-1.4517,-3.08,-1.9717,1.7963,-0.61719,1.7454,-2.4191,0.70339,0.72677,0.1138,2.3763,-0.21214,1.6139,-1.1119,1.6861,-0.71213,1.3916,2.9891,2.284,-1.5642,1.174,1.3198,-0.71213,0.69803,1.174,0.68706,2.8029,-0.61719,-1.414,3.0842,-2.9214,1.0493,1.6861,0.72853,-1.8074,-2.4931,-2.9366,2.0917,1.6733,2.0238,0.72853
1.2248,1.0041,-2.3098,-1.0251,-0.32905,2.7511,-1.3362,3.0495,-0.27457,-1.1925,-2.3098,-0.32905,-0.66475,1.0721,-1.146,2.2916,-1.9962,-1.5725,-1.1168,2.5321,-1.6585,-1.6479,0.243,-0.7948,-1.7794,2.2916,-1.1925,-2.8319,-2.3352,1.6628,-2.5829,1.2248,-2.9897,0.21354,0.17231,3.0204,1.1539,-1.4171,1.902,-1.146,-1.3362,-1.365,1.1539,1.614,0.17663,1.0033,-2.6058,0.17663,1.1539,1.0033,1.2568,1.6628,1.0487,-1.9844,1.902,-2.4366,1.6628,1.552,-2.6058,-0.95456,1.614,0.33672,-2.4366,2.6201,1.902,-1.6395,-1.3216,1.2644,-2.9897,-1.1168,3.0495,-2.9897,2.5321,-2.9897,1.0041,1.614,1.0313,-1.4171,1.7439,0.17231,-2.3098,1.6628,-0.9742,1.902,1.1539,0.38634,-2.3098,-2.4925,-1.6479,2.5321,1.0721,2.8588,1.3733,-1.4042,2.8588,-1.4042,-2.9515,-0.31808,2.8588,-1.6395,1.0721,-1.6585,1.1539,-1.146,-0.77355,-1.7794,-1.4212,1.268,-0.77355,1.2644,0.58619,1.2248,1.1539,0.243,1.3313,2.7444,-1.3362,-1.6339,1.5045,-1.6339,0.58619,1.6628,-1.4171,1.7089,1.552,-2.9515,-2.6058,1.902
2.9836,1.9603,2.0112,-1.1202,2.9808,-0.82615,0.4392,1.7244,-2.7688,1.1395,-2.5151,-1.5306,-2.667,0.40215,0.61707,-1.6507,1.7244,2.2835,1.5234,2.5947,2.5504,0.61707,2.0112,2.5947,2.5947,-0.52935,0.77932,1.7818,2.9836,-2.34,2.0112,1.5234,2.0112,-1.0911,-1.8452,1.7244,1.7818,-1.6507,-1.0262,-0.28131,1.5057,-0.52935,-2.9665,3.0898,1.5874,-2.9665,-2.4175,-0.82615,-1.5306,2.9836,0.61707,2.7789,3.0898,0.0035681,-1.1644,-0.30812,2.9836,-2.4175,0.83463,-0.81399,1.7244,-2.015,-1.0911,1.9603,1.7244,1.7818,2.9808,-1.0911,0.77932,0.40215,-0.82615,-2.2048,-0.81399,-0.28131,2.9836,-0.52935,2.0112,1.5874,2.2477,-0.9524,0.63016,1.701,-1.8367,-0.30812,-2.5151,0.089812,0.55943,1.7244,-0.30812,2.0112,-2.5151,-1.7071,0.58463,1.5141,0.83463,-2.015,1.5728,1.9603,-1.4021,-1.6507,1.4218,0.99824,-0.9524,-2.667,-1.1854,2.0112,1.7818,2.5947,-0.12729,0.61707,-1.1644,0.83463,-1.1854,-1.4021,-0.52935,2.9836,0.61707,1.7244,2.2835,0.99824,2.0112,-2.7672,-0.82615,-2.4175,2.0112,-1.8452,-0.52935,2.9808
1.656,2.793,-1.5334,-1.5334,1.4936,-1.5334,1.5499,1.5499,-1.5666,2.0123,1.5499,2.7517,-1.5334,1.4936,1.5499,0.84945,-1.9756,1.656,1.656,3.1114,-0.53515,-1.5334,-0.75963,-1.5334,-1.5334,1.4936,2.793,2.793,-0.53515,1.5499,2.793,1.0651,3.0007,-2.5143,1.279,-0.53515,-0.53515,1.279,2.0123,-0.53515,1.279,-1.5334,-0.33959,-1.5334,-2.9792,1.656,-0.53515,1.4936,3.1114,-0.33959,-1.5334,-0.33959,-2.5143,-0.98177,-1.5334,-0.53515,-0.53515,-0.32675,-2.9076,-2.9792,-1.5334,-0.37237,1.0724,-1.5334,-0.53515,-0.65595,1.4936,-0.32675,1.5499,2.0123,-0.53515,-2.7375,1.4936,1.279,1.656,-1.5334,1.4936,1.4936,1.0651,2.0123,-0.20929,-0.33959,1.0651,-2.5143,1.5499,1.4936,-0.23353,1.5499,1.5499,1.656,2.0123,-0.39001,-0.37237,2.7517,-1.5334,-1.5666,-1.5334,-2.5143,2.793,2.7517,-0.32675,-0.98177,1.4936,1.4936,1.4936,3.0007,1.4936,-0.32675,-1.5334,-1.5334,-1.5334,2.793,-0.98177,-2.5143,1.0651,0.53599,-1.5334,-0.53515,1.0651,2.793,2.0123,3.0007,1.4936,-2.5143,2.7517,-0.32675,-1.5334,-0.53515
0.43709,0.86511,2.3746,1.2477,-0.32445,-1.1299,0.66472,2.4729,-3.0514,0.23471,0.86511,-2.4502,3.0199,-2.4502,-2.9332,-1.0338,2.5223,1.179,-1.7541,-2.081,-1.7541,0.86511,0.86511,1.6525,-1.1299,1.468,-1.1299,2.4395,1.7738,-3.1263,-0.36519,2.0549,-1.1299,0.43709,3.0012,1.5386,-1.7541,-1.3525,-1.1299,3.0199,2.1986,1.4662,1.468,-0.3359,-1.6782,1.2477,1.5386,2.4395,2.4395,1.6525,-1.2377,-1.7524,2.3746,2.0549,2.9211,-2.9332,1.9953,0.24773,-1.1299,-0.031524,2.5025,2.288,0.78249,-1.1339,1.5386,1.5018,-1.1299,1.4662,1.468,0.43709,-2.9332,2.1986,-0.4771,0.86511,2.1761,0.019731,1.6195,2.5025,-3.0514,-0.16068,-1.4647,2.288,-1.2098,-1.0338,1.6525,2.4395,2.288,0.23471,2.1986,-1.7541,2.1761,-0.031524,-0.22147,0.43709,-1.1299,1.468,-1.1339,-1.2377,-2.9332,3.0199,2.3746,1.6658,2.191,2.4395,1.2022,-1.5141,-3.0514,-2.6316,-1.1299,1.468,2.5025,1.6525,-0.36519,-1.7541,-1.7084,1.468,-1.1299,1.6195,0.66472,1.6525,-0.581,-2.081,-1.0338,-1.1339,2.191,0.43709,-0.22147,-1.6893
-0.30497,-1.7937,-1.2926,-2.0285,-3.0526,-2.8728,-0.48939,-1.7937,-3.0526,-2.8728,1.7475,-1.3476,-2.0696,-0.32467,-1.7937,0.16117,2.2435,2.8788,0.68371,-1.64,-0.99997,0.10086,2.0849,-0.15902,-0.90445,-1.2926,-1.2603,-1.5352,-2.0714,0.12927,-1.5352,1.4918,-1.1356,-1.2926,0.60679,-2.8728,-1.1875,-0.58836,2.0849,0.40325,-0.90445,-1.2603,-0.15902,-2.0696,2.8479,-3.0526,-1.5375,-1.7303,0.12927,-0.052001,-2.0118,0.77356,-1.2926,-1.7937,-2.0285,0.12927,-1.3476,-0.30497,-2.0696,0.96609,-1.5688,2.7813,-0.97707,0.12927,-1.5352,-2.8728,-1.5688,-0.52898,-0.30497,0.16117,2.0849,0.68371,1.7004,-0.66339,3.0445,0.40325,0.10086,-1.3476,0.10086,2.8788,-2.0714,-2.8728,0.24097,-0.90445,-1.7937,0.12927,2.8479,0.68371,-0.90445,-1.5688,2.2082,-0.97707,-0.15902,-2.8728,0.31683,-1.7937,-2.7877,0.68371,-1.5375,-1.3476,1.4019,0.10086,-2.0696,-1.5688,-0.52898,-0.90445,1.7669,1.06,0.29227,1.7004,1.06,-1.2926,-1.3476,-2.7877,0.68371,1.7004,-1.5375,-1.5375,0.68371,0.96609,-1.3476,-1.3476,1.4019,0.68371,-0.97707,0.40325,0.35017,-1.2926
0.030638,-2.4266,1.059,0.030638,-0.53507,-0.53507,0.50107,-3.1269,0.51877,0.087136,0.040136,-2.1457,1.5668,-3.1269,-2.0139,-1.3667,1.633,1.0031,-0.72219,-1.1443,-2.9315,-1.9168,-0.28725,0.030638,-2.1055,2.9676,0.11253,1.0031,2.5153,-0.13508,-2.7784,-2.9598,-1.3667,-0.13508,1.6651,-2.5277,-1.5555,2.3983,-1.3052,0.50107,-0.88183,-0.88183,0.36337,-0.72219,0.73099,2.7566,1.745,0.50107,-2.5358,2.6463,-1.5555,-1.1248,-2.5358,1.9907,-2.1457,0.84926,3.0609,1.5668,-1.7025,1.9907,-2.0139,-1.9168,0.84926,-0.15362,0.51877,-2.7784,1.3556,2.5153,-0.13508,-0.72219,-2.4007,-2.5358,2.9812,-0.22739,-2.9315,-2.2762,0.71001,0.12535,-1.5555,-1.3052,-3.1269,0.41443,1.6649,2.9676,-0.18761,-1.3616,-2.6554,1.059,0.040136,-0.72219,-2.0139,-1.9168,1.633,-0.22739,-0.95242,2.9229,1.059,-1.4735,2.9229,-0.98395,1.6649,1.5668,-0.18761,-0.87419,1.6649,-1.4735,-0.18761,-0.99501,-0.88183,1.3556,-0.72219,2.5153,1.3556,2.9676,-1.5555,-0.18872,-2.9315,0.31636,0.61701,-0.96899,1.745,-0.18761,-2.5358,1.745,-2.5277,1.745,0.50107,-2.6554
0.64472,-1.2125,-3.132,-3.0845,-1.2189,-0.75759,-0.55879,-2.9474,-1.2125,-2.9796,-0.035643,-1.4195,2.2859,-1.1138,1.6895,1.6895,-2.9474,-1.2125,-2.9875,-0.48973,1.6485,-0.057449,1.781,0.8461,2.6096,0.49402,-1.6954,-0.1127,1.4678,0.64472,-1.2125,-0.013967,-2.1703,-0.67565,-0.057449,-2.7988,-0.48973,1.287,-1.947,-0.60195,-0.29003,-0.75759,-2.9796,-0.063547,-1.1138,-2.9796,-0.90467,1.5184,2.6096,-1.5371,-2.8372,2.367,-0.67565,-0.1127,0.16513,-2.6395,-1.1396,-2.9796,-0.050259,-0.60195,-1.6954,0.16513,0.64472,2.3363,-1.6954,-1.5057,-2.0192,2.398,-2.1531,-1.3336,-1.1858,-2.6395,-1.7941,-3.0845,-1.9619,-1.2125,-2.2153,-0.40282,1.287,1.6895,2.1257,0.43099,-0.60195,1.4678,-1.6954,-0.75759,1.6895,-1.2189,-2.9796,0.23816,2.398,-1.3921,-0.035643,1.1638,-2.2626,-0.75759,-1.734,-0.063547,-0.35612,2.5927,0.71604,-0.48973,-1.1498,-1.3336,-0.1127,-2.0192,-1.2189,0.23816,0.8461,-2.9796,0.64472,2.367,-3.132,-1.1858,1.4736,-0.35612,-3.132,2.2859,-1.1138,1.6895,-1.1138,-2.1366,0.56971,-3.0395,-1.1138,-1.7941,1.4736,1.287
2.3152,-0.071461,0.86806,0.86806,3.1303,-0.73743,-0.71554,-2.6453,-0.59428,1.7734,1.9335,2.7136,0.98211,2.7136,2.9754,2.3152,1.9335,-0.92943,2.3152,2.9754,-0.58769,3.1303,0.53378,-1.131,1.4783,1.424,0.62446,1.7709,2.3609,1.7709,-0.071461,1.4783,-1.3452,-2.2365,0.167,-2.2365,-1.7551,-2.6453,-1.0198,0.62446,0.31385,2.3609,-0.59428,2.3152,2.7136,-1.9766,-0.79596,3.1303,-1.1255,2.3152,3.0454,2.9754,0.53378,-0.3471,0.78235,-0.59428,-1.9766,-0.79596,0.78235,-2.2365,-2.9345,0.86806,-1.131,-1.7242,3.1303,0.50998,0.15153,-3.1395,0.82867,2.9754,1.403,-2.6453,1.9335,0.86806,-2.9782,1.8499,0.62446,2.9754,1.8499,2.3686,2.3609,-1.131,-0.59428,-0.97561,1.9335,3.1303,1.7295,-0.38773,1.424,1.9335,-1.3393,-1.3023,1.7734,-0.34677,0.86806,-1.3452,-0.58769,-0.79596,2.7136,0.78235,-1.131,0.50998,-3.1242,2.3152,1.9335,0.86806,0.98211,0.78235,1.6135,-1.8549,-0.92943,-1.3023,-0.39109,2.9754,-1.3023,-1.7242,0.167,-2.6453,-0.23125,2.5007,2.5007,-0.34677,0.86806,-1.3393,-1.131,2.3152,1.7295,-0.57695
-2.4695,-1.5008,-2.5574,3.0927,1.6785,1.0453,0.16759,-0.91906,2.4999,2.9818,-0.99112,-2.4978,2.9472,1.8546,-3.0244,-1.6261,2.9017,2.0072,-2.8749,2.3971,-2.4978,-2.8749,-1.6682,1.7662,-0.42749,-1.9424,-0.22297,-3.0244,-3.0244,1.1229,-0.52234,2.546,0.486,0.10941,-1.6261,2.3971,1.379,-0.42749,1.4193,2.9017,0.30311,-3.0244,-1.9338,2.4999,-0.042951,0.16759,3.082,0.16759,0.30311,1.6785,2.9017,1.379,-2.3712,0.486,-1.7933,-0.92479,1.7662,-1.5521,2.4903,-1.9338,-1.5008,0.42829,1.1259,2.4999,2.2927,-3.1154,-0.043257,3.082,2.3971,-1.7533,0.16759,1.6795,1.4193,2.2927,1.4193,0.4738,-0.39879,-2.5574,2.2927,0.16759,-1.7486,0.30311,2.4845,-3.0244,-2.3929,1.1229,1.0225,0.486,0.16759,-2.6198,1.8546,-0.045161,-3.0244,-0.75978,1.0225,1.6785,-2.3929,-1.7533,-2.4695,2.546,0.10941,-0.52234,3.0403,1.0453,-2.5574,-3.1154,1.1229,-0.17409,2.4999,-0.99112,0.98303,-0.065269,-0.045161,1.7095,-0.75978,1.8546,1.379,2.9472,-1.5521,-2.5574,-1.9338,0.85836,3.082,0.4746,-2.3929,2.4999,0.20348,1.1229
1.2653,-0.8936,1.4667,-0.3932,-1.9676,2.7865,1.9889,-0.08513,2.3257,2.2708,-1.755,0.54622,2.1208,-1.3804,-1.7661,-1.9065,-1.1944,-2.6137,0.035084,1.3589,-1.11,2.3668,-3.141,-0.27285,-1.755,1.0831,-1.6736,1.0426,-0.56799,-1.2917,0.0087221,-2.1132,2.3064,-2.1132,1.8726,-0.91454,2.1465,-3.141,-1.9676,-1.1309,1.8726,1.0426,-1.9065,1.5035,-2.4273,-1.755,2.4012,2.3668,0.91079,1.8154,-1.3512,0.23339,2.2708,2.3257,-0.30326,-2.6137,-1.7661,1.9889,-1.9065,-1.9065,1.2653,-0.55002,-1.7661,-2.8445,-1.9065,-2.8812,-0.30326,-1.7661,2.9195,-1.9676,-2.4273,2.6344,-0.55002,0.72787,-2.3154,0.23339,-1.9676,-3.141,-2.3154,2.9062,1.0484,2.3055,-0.06446,-0.08513,0.72787,-0.06446,-1.9676,1.7314,-3.0411,2.6344,-2.49,-2.4273,1.8995,-0.40494,1.0281,1.0831,1.3053,1.3589,3.0012,-0.08513,-1.6695,-0.56799,0.1062,2.2562,2.7865,-2.3154,2.9782,2.3257,2.9782,2.3668,-1.6695,0.2351,1.3053,1.9889,1.2653,-0.08513,-0.8936,2.9195,2.3064,-1.9676,-2.3327,-0.50885,2.2562,-1.1309,-2.4273,-3.0598,1.1652,2.3055
1.8291,2.5601,0.90756,0.9026,0.88449,-1.4143,-1.4143,1.4924,3.023,2.1565,-0.88057,-0.81706,-1.1394,-0.80282,-1.8211,3.023,0.88449,1.4924,-0.17943,-1.9453,2.1455,-1.9453,1.8291,-1.0368,-2.0356,0.88449,-1.0368,-3.1366,-1.4143,-1.4143,-2.9695,2.5543,0.90503,1.9639,1.3257,2.5543,-2.7504,-2.9427,0.9026,2.5601,-3.1366,2.5543,-2.9427,-0.7209,3.023,-0.17943,0.90503,2.7471,-0.026812,0.88449,-2.9645,1.0422,-0.68353,2.9484,-2.7504,1.1085,-1.8211,-0.37423,-2.9645,-1.3134,-1.0368,-2.0655,-1.5953,-2.3876,-3.0787,2.1565,-1.4143,-2.0655,1.9231,2.3779,-2.9427,-1.8875,-1.9025,-2.9673,-1.6472,1.8291,-2.227,2.1565,0.90756,-1.3134,2.6233,-1.8875,1.3257,2.5543,-1.8875,2.9484,-0.81706,2.7764,-2.0655,1.8291,-0.81706,-0.69213,1.3257,0.88449,1.1085,-0.40612,-1.4143,0.90503,2.5601,0.88449,-2.0655,-3.0972,-1.8211,0.88449,-0.37693,-1.8875,-0.40612,-1.1164,2.5601,-0.40612,-1.1164,-2.9427,2.5543,0.53183,0.88449,0.043005,1.9231,-1.7297,0.5725,2.3779,-1.9246,0.12545,2.1565,-1.4143,2.5543,-1.5084,2.3779,-2.9427
-3.141,0.97271,-1.8651,-0.45197,2.2498,-2.5687,-0.32059,-3.141,-1.8373,-1.8651,-2.6195,-1.8651,0.42985,-1.5474,-1.6027,-1.9475,1.159,2.7128,1.159,2.2498,-1.6027,-0.9507,-2.5992,1.8836,1.159,-0.47629,0.93377,2.2498,-3.141,-2.0979,2.769,-2.5043,-0.38962,-2.0979,-0.45197,2.6246,-0.35375,2.2498,-1.4258,-2.5687,-2.5992,-1.8373,-1.8651,-0.45197,-0.75179,-0.25423,1.159,-1.5474,-0.75179,1.1974,0.61926,-1.8651,2.2498,-0.32059,0.89364,-2.5687,-1.4258,-0.94498,-0.9507,2.2498,2.5433,2.9741,-0.47629,-0.35375,1.427,1.9734,2.2498,-0.94498,0.42985,1.3015,2.7675,-3.141,-2.5687,0.072935,1.9734,1.1974,1.427,-2.1519,-1.9475,-0.45197,2.9741,0.15299,-2.5687,0.89364,-0.95422,-1.9475,-2.4514,-0.9507,0.89364,2.2066,-0.75179,1.1974,0.89364,-1.4258,0.42985,-1.8651,-1.336,-2.5687,1.159,3.0882,1.159,1.427,2.9741,1.5307,1.1974,0.56816,-2.0979,2.1619,1.159,-1.336,-2.5687,-1.9475,2.769,-1.3843,-1.3843,-1.9475,2.7675,-0.25423,1.159,0.94449,0.072935,-0.45197,-0.51371,-0.45197,-0.47629,2.6246,2.2498,0.89364
-2.1475,-0.25572,-0.30032,-1.5612,-1.6237,-0.23268,-2.8402,-1.7013,-1.0489,-1.6237,3.0885,2.692,2.4212,0.97597,-1.0041,-2.8402,-0.69715,-0.38334,-2.9625,1.5322,-2.4259,-2.502,-1.4801,-2.4259,-0.30032,0.0040611,2.3233,2.3233,0.97597,2.3233,-1.6237,-1.7013,-1.7013,1.3625,-0.57561,1.8664,1.1725,-1.4801,-1.7013,-1.7013,-2.0919,-2.4259,2.3233,2.4946,-1.7013,1.1725,2.2877,-2.6892,-1.0489,-2.5447,-0.38334,2.3233,0.97597,-1.7013,2.123,0.47846,-1.9109,-0.74239,-2.4613,1.908,-1.7013,-2.6832,1.206,2.4946,-2.502,-0.74239,-0.74239,1.5322,2.4185,-2.4259,-2.5447,-2.0571,-0.16856,1.5322,-2.6307,2.4946,2.3233,-2.9625,-0.30032,0.7106,2.064,2.4185,-1.7013,-2.4613,1.1725,-0.74239,1.4118,-2.5447,-0.69715,2.064,-1.0824,-0.38334,0.20774,-2.9625,-1.0041,-1.7013,-1.7013,0.20774,-1.0824,-1.0041,-2.9625,0.96446,-0.23268,-2.9625,-0.17516,-0.38334,2.4946,-2.4613,-0.17516,2.2877,-1.468,-2.9625,2.123,-0.23268,1.1725,0.20774,-1.5845,-0.74239,1.206,0.7106,1.1725,-1.7013,-0.17516,1.499,-0.74239,-1.9109,-2.1475,2.692
-0.1132,-2.8996,-1.4105,2.341,-2.5265,2.341,-2.6692,1.7488,1.547,-0.27935,-0.17386,-0.62693,1.6757,2.6303,-0.1132,0.74599,-0.51307,3.0406,-2.9834,0.1309,1.4117,1.7766,1.4364,-0.71388,1.547,-1.2113,1.3344,-0.59625,2.1637,1.3344,-1.3501,-0.62693,2.3068,-0.27935,2.9499,-0.17386,-2.5265,2.686,2.3639,1.5457,-1.6504,-1.6504,-2.1102,2.1637,-0.29811,-1.6504,2.8093,-3.1314,-0.27935,2.341,1.9483,-2.8996,-1.8163,1.9925,-0.71388,0.27284,2.4842,-2.0921,1.9483,2.1783,2.6303,-2.8996,-2.154,2.341,-2.8996,1.9925,-0.0608,-0.33194,-1.0853,2.8845,1.3623,0.74599,-2.0921,1.9925,1.4522,-0.072706,-3.1314,1.9925,1.4522,1.3344,-1.6504,-0.75062,-2.113,-1.2561,1.4364,0.72413,-2.2289,1.5678,1.4522,-2.0921,0.1309,1.9925,1.4879,-0.11518,-0.75381,-0.1132,0.29558,-0.75381,1.7488,0.8263,-1.2059,0.74599,-0.75381,1.547,1.9483,1.3344,2.4842,-0.59625,1.4117,2.3068,2.3068,1.4117,-0.27935,0.29558,-0.70253,-1.8163,1.6757,-0.27935,-1.6504,1.4632,-0.75381,2.686,0.67734,2.9191,-1.4265,-2.9834,2.48,1.4522
0.84272,2.3858,0.94973,0.70196,3.0435,-2.6769,-0.76223,-2.8575,2.4831,2.5128,1.4845,2.2628,-2.6769,-1.0776,0.83791,-2.7015,-1.5913,-2.2379,-1.2071,-0.77692,-1.8677,-2.1404,2.7985,-2.9041,0.27453,1.4223,2.4831,-2.5083,0.56544,2.3858,-0.67772,1.4261,-1.6147,2.9048,0.41898,2.8403,2.8403,-2.2347,2.9048,-0.44401,-0.19707,-2.2758,0.13026,-2.1404,-2.8575,-2.2758,1.5241,2.3858,0.39385,-2.8575,0.70045,1.9265,0.70045,1.4223,2.4831,-2.636,2.3858,1.0002,-0.18273,0.054104,0.054104,0.1362,2.4831,0.70196,-2.9041,1.1556,2.3858,-2.1404,-2.091,-0.083938,-1.5292,-0.19707,2.876,-2.9041,-3.1305,-2.091,-2.5844,-1.5543,1.8607,1.0002,-2.7015,-0.16511,-1.5913,1.5241,-0.62314,-2.091,-0.24485,2.4831,2.8403,-2.8575,-0.76223,1.4261,1.4261,-0.69883,-1.7451,-2.091,-2.8575,-0.18273,-0.15941,-0.76223,-2.636,-1.5543,2.0123,-1.6978,-0.18273,-0.44401,2.0421,-2.8575,1.1863,-0.44401,-2.2347,-1.9115,-0.51172,-0.59574,1.1556,-1.5913,-2.636,-1.5348,-3.1305,0.90967,0.054104,0.84272,2.4812,0.70045,1.1863,2.8315,-0.76223,0.70196
2.3841,-0.36814,0.4568,0.9124,2.1844,2.5191,-2.4198,0.38733,0.4568,-0.93452,0.4568,0.4568,2.9322,-2.8348,2.3841,1.6039,0.54302,-2.8348,-2.8348,2.9498,1.6039,-0.54735,-2.1545,1.0707,2.1844,1.8773,-2.4198,2.2036,0.047046,-0.89813,2.2036,-2.1822,-0.36814,0.22512,0.042782,0.9124,-0.53659,-1.3525,0.9124,1.6539,1.9692,-2.1822,-2.8348,-1.3525,-0.81176,-1.4082,1.8773,0.74179,0.74179,-0.36814,-2.4198,0.54302,-0.96104,2.4629,0.38733,-2.9006,-2.1822,-0.76728,-0.96104,-2.4198,2.1844,0.38733,-2.8348,-1.4698,2.5191,-2.3585,0.74179,-0.22504,-2.8348,2.9002,-2.8322,-2.1545,-1.3525,-0.81176,-2.036,0.38733,-2.8322,2.3841,-0.36814,-0.40768,2.704,2.3841,-2.6894,2.4629,-2.4198,2.1844,-0.36814,-1.4698,-0.96104,0.9124,-0.7243,2.7377,1.8773,-2.4198,-3.0962,2.424,-0.54735,2.424,-2.1545,2.7377,0.54302,2.4183,-1.2443,2.1844,-0.89813,-1.4698,0.047046,-0.36814,0.76952,-1.8097,-2.4198,2.7377,-2.7271,-2.5391,0.57107,-2.8348,2.5191,-2.4198,1.8773,0.38733,-2.1545,-2.1822,0.4568,-0.63478,-2.2729,-1.3929,-1.3525,-2.1545
1.9695,2.3575,1.6111,-1.5795,1.5832,2.0333,1.9844,-0.69431,2.8009,-0.67756,1.9695,1.6142,2.3411,1.6142,0.58057,1.4028,-0.15235,2.3411,-2.0823,2.3411,-0.44643,2.4722,1.4028,0.06599,-2.3463,-3.0066,-0.57033,-1.8974,-0.86027,-1.5172,-1.3513,-0.99851,1.9695,3.0305,-0.058984,-1.7579,-0.44643,0.06526,-3.0066,0.7453,-0.87461,0.58057,-0.55361,-1.8974,-0.4009,-1.8974,0.18915,1.519,-1.4434,0.70917,1.2978,-1.6236,-1.5588,1.2978,-1.3513,1.6169,-2.783,1.7532,0.78223,-0.60928,-1.8974,0.06599,-3.0066,1.6169,1.3357,-1.9068,-0.468,0.18915,1.519,-0.69431,2.3411,-1.5351,0.13868,-2.2666,-0.55361,-1.475,1.9844,-1.5351,-1.1722,-2.1039,0.06526,1.1982,-2.0823,2.4722,1.6169,2.9323,-0.19469,0.06526,-1.5172,-1.151,2.5172,1.7532,-0.468,-1.4434,-0.064318,-2.3419,0.78223,-0.67756,1.5832,2.4672,0.080606,-2.1039,2.4722,-1.5588,-2.0823,-1.3654,2.3981,-0.44643,-2.2666,-1.5172,-2.7943,-1.8217,2.3575,2.3981,2.0083,3.1317,-0.67756,0.18915,-0.468,-3.0066,-1.5351,0.76146,-0.87461,-1.4434,0.61351,-0.039346,1.4281,-1.8974
0.47705,2.63,-2.8108,-1.1926,2.6541,-0.80459,2.2545,-0.32631,-0.21354,-0.39545,2.3371,2.9298,1.0125,1.8733,-0.80459,-0.7339,-0.97677,-0.39545,0.69736,0.44389,0.85657,0.76364,-0.56456,-1.1892,-0.97677,-1.8601,2.8982,2.6541,-0.74102,2.9298,-0.27682,-0.79939,1.3337,-0.25173,0.7255,-1.4547,-1.4979,2.8982,1.366,-1.3272,1.0494,0.81803,-1.9679,-1.7947,1.8052,-0.25173,1.6185,-0.48416,2.5023,2.63,1.6185,-1.2382,-1.1022,1.51,-2.7695,-0.57688,-0.011361,2.269,0.90353,2.742,-0.97677,-1.1629,-1.397,-1.5391,0.44389,-1.8601,-1.1926,-2.0089,1.8052,0.51888,0.69736,-1.397,1.6596,-1.9679,-1.2382,-0.70169,0.41056,0.046878,-0.10096,0.33371,0.046878,-1.0858,-2.5911,1.0494,2.2545,-1.1713,2.63,-0.7339,-0.27682,0.41056,-1.4979,2.8982,0.42184,-1.4734,-0.3594,2.5023,-1.1926,-1.4979,-1.397,-1.1097,1.7959,0.42184,-2.1789,-1.1629,-2.7695,-1.5391,-0.011361,0.41056,2.7591,-0.48416,-0.57688,-2.7695,0.70242,0.046878,-1.1926,1.8052,1.7386,1.6596,-0.21354,-0.74102,-1.4547,-1.5391,0.24464,2.2903,0.069966,-0.70169,-0.80459,-1.1022
-0.60266,-0.60266,0.80714,1.9382,-1.2123,0.89583,-1.9396,-2.5025,0.22692,-1.4241,0.30736,-0.62694,-1.0703,0.80797,-1.7512,-0.24677,1.5541,-2.8573,0.84986,-1.0225,-1.5042,0.7157,0.84986,0.7157,0.29935,2.6406,-1.7027,-0.42301,0.35042,-2.5025,0.84986,0.30736,1.9382,-1.7512,1.4522,-0.17271,0.35042,0.89583,-0.58215,-1.7512,-0.34454,0.84986,1.108,-1.4978,-2.8949,1.9382,2.3792,-0.62694,-1.086,-0.30687,-1.4978,0.29935,-0.30687,-2.8573,-1.4978,-0.46103,-1.5042,-0.42301,-1.0703,-2.7333,0.80797,1.9802,-1.2374,-2.3912,1.3611,0.88039,-2.8573,-0.17271,-2.8573,-1.2123,1.5541,0.7157,-0.24677,-1.0225,-2.6446,0.89583,1.1682,2.3124,-2.8573,2.9196,1.1191,-0.46103,-2.8949,0.89583,0.30736,-2.3013,-2.0631,2.4387,-0.42301,-2.9045,-0.54967,0.94689,0.73808,-0.42301,2.6406,-1.0703,2.5801,2.6406,2.7227,-0.24677,0.49854,0.35013,0.2738,-2.7333,0.7157,-1.9396,-1.2123,0.7157,-0.37489,-0.17271,2.3792,-1.95,-1.7512,-0.17271,1.4103,-2.0631,0.034219,-1.1726,-1.2374,-1.2374,-1.0703,0.35579,-0.30687,-1.0703,1.1682,0.80714,-1.086,0.034219
